subject_id,title,title_other_text,years,institution_type,country,lab_size_total,collaboration,research_area,research_area_text,collect_data_av,collect_data_demographics,collect_data_clinical,collect_data_scales_quantitative,collect_data_scales_qualitative,collect_data_behavioral,collect_data_qualitative,collect_data_neurpsych,collect_data_neuroimaging,collect_data_writing,collect_data_physiology,collect_data_genetic,collect_data_eye_tracking,collect_data_other,collect_data_other_text,analyze_tools_use_excel,analyze_tools_use_jasp,analyze_tools_use_jamovi,analyze_tools_use_lisrel,analyze_tools_use_literate,analyze_tools_use_matlab,analyze_tools_use_mplus,analyze_tools_use_python,analyze_tools_use_sas,analyze_tools_use_spss,analyze_tools_use_stata,analyze_tools_use_systat,analyze_tools_use_r,analyze_tools_use_other,analyze_tools_use_no_tools,analyze_tools_use_other_text,analyze_code,analyze_code_shared,analyze_docs_lab,analyze_docs_others
1,"Associate Professor  (US), Senior Lecturer (UK), or equivalent",,15,Equally research/teaching focused university or college, France,2,,Social and Personality Psychology,,,,,,,,,,,,,,,,,,,,,,,,,,,,,,,,,,0,,
2,Graduate Student,,6,Predominantly research focused university or college, Canada,7,2,Industrial/Organizational Psychology,,,TRUE,,TRUE,,,,,,,,,,,,TRUE,,,,,,TRUE,,,,,,TRUE,,,,"Yes, I use both code I have created myself and adapt code written by others.",TRUE,No ,Someone could recreate my data analysis but not cleaning/coding steps.
3,Graduate Student,,12,Medical school or health sciences center, United States of America,112,0,Other (Please describe),affective neuroscience,,TRUE,TRUE,TRUE,,TRUE,,TRUE,TRUE,,TRUE,,,,,TRUE,,,,,,,TRUE,,,,,TRUE,,,,"Yes, I use both code I have created myself and adapt code written by others.",TRUE,No ,Someone could recreate my data analysis but not cleaning/coding steps.
4,Post-Doctoral Fellow,,6,Predominantly teaching focused university or college, United Kingdom of Great Britain and Northern Ireland,6,2,Cognitive Psychology,,,TRUE,,TRUE,TRUE,TRUE,,,,,,,,,,,,,,,,,TRUE,,,,,TRUE,,,,"Yes, I use both code I have created myself and adapt code written by others.",TRUE,No ,Someone could recreate my data analysis but not cleaning/coding steps.
5,"Associate Professor  (US), Senior Lecturer (UK), or equivalent",,17,Predominantly research focused university or college, United States of America,15,5,Social and Personality Psychology,,TRUE,TRUE,,TRUE,TRUE,TRUE,,TRUE,,,,,,,,TRUE,,,,,,,,,TRUE,,,,,,,"Yes, I primarily create my own code.",TRUE,No ,Someone could recreate my data analysis but not cleaning/coding steps.
6,Graduate Student,,5.5,Predominantly research focused university or college, United States of America,15,3,Developmental Psychology,,TRUE,TRUE,,TRUE,,TRUE,,,TRUE,TRUE,,,,,,,,,,TRUE,,,TRUE,,TRUE,,,TRUE,,,,"Yes, I use both code I have created myself and adapt code written by others.",TRUE,Not applicable,Yes. Someone could recreate both my data cleaning/coding and analysis steps.
7,"Assistant Professor (US), Lecturer (UK), or equivalent",,,Equally research/teaching focused university or college, United States of America,11,4,Biopsychology or Behavioral Neuroscience,,,TRUE,TRUE,TRUE,,,,,,TRUE,TRUE,,,,,,,,,,,,,,,,,,,,,,0,,
8,"Assistant Professor (US), Lecturer (UK), or equivalent",,10,Predominantly research focused university or college, United States of America,85,4,Developmental Psychology,,,TRUE,,TRUE,,TRUE,,,,,,,,,,,,,,,,TRUE,,TRUE,TRUE,TRUE,,TRUE,,,,"Yes, I primarily create my own code.",TRUE,No ,Someone could recreate my data analysis but not cleaning/coding steps.
9,"Assistant Professor (US), Lecturer (UK), or equivalent",,15,Predominantly teaching focused university or college, United States of America,11,3,Cognitive Psychology,,TRUE,TRUE,,,,TRUE,,,,,,,TRUE,,,,,,,,,,,,,,,TRUE,,,,"Yes, I primarily create my own code.",TRUE,Yes,Yes. Someone could recreate both my data cleaning/coding and analysis steps.
10,Adjunct Professor or other non-tenure-track faculty,,8,Medical school or health sciences center, United States of America,28,5,Clinical Psychology,,TRUE,TRUE,TRUE,TRUE,,TRUE,TRUE,TRUE,TRUE,,TRUE,TRUE,,TRUE,Interviews with significant others,TRUE,,,,,,TRUE,,,TRUE,,,TRUE,,,,"Yes, I use both code I have created myself and adapt code written by others.",TRUE,No ,Yes. Someone could recreate both my data cleaning/coding and analysis steps.
11,Post-Doctoral Fellow,,10,Predominantly research focused university or college, United States of America,38,4,Social and Personality Psychology,,TRUE,TRUE,,TRUE,TRUE,TRUE,,,,TRUE,,,,,,TRUE,,,,,,,,,TRUE,,,TRUE,,,,"Yes, I use both code I have created myself and adapt code written by others.",TRUE,No ,Someone could recreate my data analysis but not cleaning/coding steps.
12,"Assistant Professor (US), Lecturer (UK), or equivalent",,15,Equally research/teaching focused university or college, United States of America,5,1,Developmental Psychology,,,TRUE,TRUE,TRUE,,,,,,,,,,TRUE,Academic transcript/government records,,,,,,,TRUE,,,TRUE,TRUE,,TRUE,,,,"Yes, I use both code I have created myself and adapt code written by others.",TRUE,No ,Yes. Someone could recreate both my data cleaning/coding and analysis steps.
13,Research Assistant (including undergraduate RA),,6,Predominantly research focused university or college, Poland,2,2,Social and Personality Psychology,,,TRUE,,TRUE,,,,,,,,,,,,TRUE,,,,,,TRUE,,,TRUE,,,TRUE,,,,"Yes, I primarily adapt code written by others.",TRUE,No ,Yes. Someone could recreate both my data cleaning/coding and analysis steps.
14,Post-Doctoral Fellow,,10,Predominantly research focused university or college, United Kingdom of Great Britain and Northern Ireland,9,2,Social and Personality Psychology,,,TRUE,,TRUE,,TRUE,,,TRUE,,TRUE,,TRUE,,,TRUE,,,,,,,,,TRUE,,,TRUE,,,,"Yes, I primarily create my own code.",TRUE,Not applicable,Someone could recreate my data analysis but not cleaning/coding steps.
15,Post-Doctoral Fellow,,9,Predominantly research focused university or college, United States of America,14,0,Social and Personality Psychology,,TRUE,TRUE,TRUE,TRUE,,TRUE,,,TRUE,,,,TRUE,,,TRUE,,,,,TRUE,,,,,,,TRUE,,,,"Yes, I use both code I have created myself and adapt code written by others.",TRUE,No ,Im not sure.
16,"Associate Professor  (US), Senior Lecturer (UK), or equivalent",,31,Equally research/teaching focused university or college, United Kingdom of Great Britain and Northern Ireland,16,1,Cognitive Psychology,,TRUE,TRUE,,TRUE,TRUE,TRUE,,,,,,,,,,TRUE,TRUE,,,,,,,,TRUE,,,,,,,No,TRUE,No ,Someone could recreate my data analysis but not cleaning/coding steps.
17,"Assistant Professor (US), Lecturer (UK), or equivalent",,15,Medical school or health sciences center, United States of America,20,3,Clinical Psychology,,,TRUE,TRUE,TRUE,,TRUE,,TRUE,TRUE,,TRUE,,,,,TRUE,,,,,TRUE,TRUE,TRUE,,TRUE,,,,,,,"Yes, I use both code I have created myself and adapt code written by others.",TRUE,Yes,Someone could recreate my cleaning/coding but not analysis steps.
18,Post-Doctoral Fellow,,15,Predominantly research focused university or college, United States of America,15,2,Cognitive Neuroscience,,,TRUE,TRUE,TRUE,,TRUE,,,TRUE,,,TRUE,,,,TRUE,,,,,TRUE,,,,,,,TRUE,,,,"Yes, I primarily create my own code.",TRUE,No ,Yes. Someone could recreate both my data cleaning/coding and analysis steps.
19,Other (Please specify),,14,Non-profit organization, Argentina,12,6,Health Psychology,,,,,,,,,,,,,,,,,,,,,,,,,,,,,,,,,,0,,
20,"Assistant Professor (US), Lecturer (UK), or equivalent",,14,Predominantly research focused university or college, United Kingdom of Great Britain and Northern Ireland,16,1,Cognitive Neuroscience,,TRUE,TRUE,,,,TRUE,,TRUE,TRUE,,,,,,,TRUE,,,,,TRUE,,,,TRUE,,,TRUE,,,,"Yes, I use both code I have created myself and adapt code written by others.",TRUE,No ,Yes. Someone could recreate both my data cleaning/coding and analysis steps.
21,"Associate Professor  (US), Senior Lecturer (UK), or equivalent",,18,Predominantly research focused university or college, Italy,9,1,Cognitive Neuroscience,,,TRUE,TRUE,TRUE,,TRUE,,,TRUE,,TRUE,,TRUE,,,TRUE,TRUE,,,,TRUE,,,,TRUE,,,TRUE,TRUE,,Statistica,"Yes, I use both code I have created myself and adapt code written by others.",TRUE,Yes,Yes. Someone could recreate both my data cleaning/coding and analysis steps.
22,Post-Doctoral Fellow,,10,Predominantly research focused university or college, United States of America,4,5,Cognitive Psychology,,TRUE,TRUE,TRUE,TRUE,,TRUE,,TRUE,TRUE,,,,TRUE,,,,,,,,,,,,,,,TRUE,,,,"Yes, I use both code I have created myself and adapt code written by others.",TRUE,No ,No. I would have to be present.
23,"Assistant Professor (US), Lecturer (UK), or equivalent",,18,Predominantly research focused university or college, United States of America,11,3,Cognitive Neuroscience,,,TRUE,TRUE,TRUE,TRUE,TRUE,TRUE,TRUE,TRUE,TRUE,TRUE,TRUE,TRUE,,,,,,,,TRUE,,TRUE,,,,,TRUE,,,,"Yes, I use both code I have created myself and adapt code written by others.",TRUE,No ,Yes. Someone could recreate both my data cleaning/coding and analysis steps.
24,Post-Doctoral Fellow,,5,Equally research/teaching focused university or college, Canada,12,0,Cognitive Neuroscience,,,TRUE,,TRUE,,TRUE,,,TRUE,,,,,,,TRUE,TRUE,TRUE,,,TRUE,,,,TRUE,,,,,,,"Yes, I primarily create my own code.",TRUE,No ,Yes. Someone could recreate both my data cleaning/coding and analysis steps.
25,Adjunct Professor or other non-tenure-track faculty,,11,Predominantly research focused university or college, Sweden,8,1,Developmental Psychology,,,TRUE,,TRUE,,,,,,,TRUE,,TRUE,,,,,,,,,TRUE,,,TRUE,,,,,,,"Yes, I primarily adapt code written by others.",TRUE,Yes,Yes. Someone could recreate both my data cleaning/coding and analysis steps.
26,"Professor (US), Reader (UK), or equivalent",,25,Predominantly research focused university or college, Canada,16,2,Social and Personality Psychology,,TRUE,TRUE,,TRUE,TRUE,TRUE,,,,,,,,,,,,,,,,,,TRUE,TRUE,,,TRUE,,,,"Yes, I use both code I have created myself and adapt code written by others.",TRUE,Yes,Yes. Someone could recreate both my data cleaning/coding and analysis steps.
27,"Assistant Professor (US), Lecturer (UK), or equivalent",,15,Predominantly research focused university or college, United States of America,16,10,Social and Personality Psychology,,,TRUE,,TRUE,TRUE,TRUE,,,,,TRUE,,,,,,,,,,,,,,TRUE,,,,,,,"Yes, I primarily create my own code.",TRUE,Yes,Yes. Someone could recreate both my data cleaning/coding and analysis steps.
28,Graduate Student,,9,Predominantly research focused university or college, United States of America,11,2,Cognitive Neuroscience,,,TRUE,,TRUE,,TRUE,,,TRUE,,,,,,,TRUE,,,,,TRUE,TRUE,,,,,,TRUE,,,,"Yes, I primarily create my own code.",TRUE,No ,Yes. Someone could recreate both my data cleaning/coding and analysis steps.
29,Post-Doctoral Fellow,,12,Predominantly research focused university or college, United States of America,13,2,Cognitive Psychology,,,TRUE,,TRUE,,TRUE,,,TRUE,,,,,,,,,,,,,,TRUE,,,,,TRUE,,,,"Yes, I primarily create my own code.",TRUE,No ,Yes. Someone could recreate both my data cleaning/coding and analysis steps.
30,Post-Doctoral Fellow,,12,Predominantly research focused university or college, Germany,6,2,Cognitive Neuroscience,,,TRUE,,TRUE,,TRUE,,,TRUE,,,,TRUE,,,,TRUE,,,,TRUE,,,,TRUE,,,,,,,"Yes, I primarily create my own code.",TRUE,No ,Yes. Someone could recreate both my data cleaning/coding and analysis steps.
31,"Assistant Professor (US), Lecturer (UK), or equivalent",,15,Medical school or health sciences center, United States of America,7,3,Cognitive Neuroscience,,,TRUE,TRUE,TRUE,,TRUE,,TRUE,TRUE,,,,,TRUE,saliva for hormone assays,TRUE,,,,,,,,,TRUE,,,TRUE,TRUE,,AFNI (Analysis of Functional NeuroImages,"Yes, I primarily adapt code written by others.",TRUE,No ,Yes. Someone could recreate both my data cleaning/coding and analysis steps.
32,Graduate Student,,5,Predominantly research focused university or college, United States of America,6,5,Social and Personality Psychology,,,TRUE,,TRUE,,,,,,,,,,,,,,,,,,TRUE,,,,,,TRUE,,,,"Yes, I primarily create my own code.",TRUE,No ,Yes. Someone could recreate both my data cleaning/coding and analysis steps.
33,"Assistant Professor (US), Lecturer (UK), or equivalent",,18,Equally research/teaching focused university or college, United Kingdom of Great Britain and Northern Ireland,12,4,Cognitive Psychology,,,,,,,,,,,,,,,,,,,,,,,,,,,,,,,,,,0,,
34,Post-Doctoral Fellow,,10,Predominantly research focused university or college, United States of America,11,3,Social and Personality Psychology,,TRUE,TRUE,TRUE,TRUE,TRUE,TRUE,TRUE,,,TRUE,TRUE,,,,,,,,,,,,,,TRUE,,,TRUE,,,,"Yes, I primarily create my own code.",TRUE,No ,Yes. Someone could recreate both my data cleaning/coding and analysis steps.
35,Post-Doctoral Fellow,,9,Predominantly research focused university or college, United States of America,17,0,Cognitive Psychology,,,TRUE,,TRUE,,TRUE,,,TRUE,,,,,,,TRUE,,,,,,,TRUE,,TRUE,,,,,,,"Yes, I primarily create my own code.",TRUE,No ,Yes. Someone could recreate both my data cleaning/coding and analysis steps.
36,"Assistant Professor (US), Lecturer (UK), or equivalent",,15,Medical school or health sciences center, United States of America,3,5,Cognitive Neuroscience,,,TRUE,,TRUE,,TRUE,,,TRUE,,,,TRUE,,,,,,,,TRUE,,,,,,,,,,,"Yes, I primarily create my own code.",TRUE,No ,No. I would have to be present.
37,Research Associate/Scientist,,24,Government agency or research center, United States of America,14,5,Developmental Psychology,,TRUE,TRUE,TRUE,TRUE,TRUE,TRUE,,TRUE,,TRUE,,,,,,TRUE,,,,,,TRUE,,,TRUE,,,TRUE,,,,"Yes, I use both code I have created myself and adapt code written by others.",TRUE,No ,Yes. Someone could recreate both my data cleaning/coding and analysis steps.
38,"Assistant Professor (US), Lecturer (UK), or equivalent",,15,Predominantly research focused university or college,,4,0,Other (Please describe),Environmental psychology,,TRUE,,TRUE,TRUE,,,,,,,,,,,,,,,,,,,,TRUE,TRUE,,,,,,"Yes, I primarily create my own code.",TRUE,Not applicable,Yes. Someone could recreate both my data cleaning/coding and analysis steps.
39,Graduate Student,,7,Predominantly research focused university or college, United States of America,11,3,Cognitive Psychology,,TRUE,TRUE,,TRUE,,TRUE,,,,,,,,,,TRUE,,,,,,,,,,,,TRUE,TRUE,,JMP,"Yes, I use both code I have created myself and adapt code written by others.",TRUE,No ,Yes. Someone could recreate both my data cleaning/coding and analysis steps.
40,"Assistant Professor (US), Lecturer (UK), or equivalent",,14,Equally research/teaching focused university or college, United States of America,2,2,Industrial/Organizational Psychology,,,TRUE,,TRUE,,TRUE,,,,,,,,,,,,,,,,TRUE,,,TRUE,,,TRUE,,,,"Yes, I primarily adapt code written by others.",TRUE,Not applicable,No. I would have to be present.
41,Post-Doctoral Fellow,,14,Equally research/teaching focused university or college, Germany,3,0,Cognitive Psychology,,,,,,,,,,,,,,,,,,,,,,,,,,,,,,,,,,0,,
42,"Assistant Professor (US), Lecturer (UK), or equivalent",,17,Predominantly research focused university or college, United States of America,11,5,Cognitive Neuroscience,,,TRUE,,TRUE,,TRUE,,TRUE,TRUE,,TRUE,,,,,TRUE,,,,,TRUE,TRUE,,,TRUE,,,TRUE,,,,"Yes, I primarily create my own code.",TRUE,,Yes. Someone could recreate both my data cleaning/coding and analysis steps.
43,"Professor (US), Reader (UK), or equivalent",,15,Equally research/teaching focused university or college, Austria,3,3,Other (Please describe),Assessment and psychological methods,,TRUE,,TRUE,,TRUE,,,,,,,,,,,,,,,,TRUE,,,,,,TRUE,,,,"Yes, I use both code I have created myself and adapt code written by others.",TRUE,No ,Yes. Someone could recreate both my data cleaning/coding and analysis steps.
44,"Assistant Professor (US), Lecturer (UK), or equivalent",,17,Predominantly research focused university or college, Australia,8,3,Cognitive Neuroscience,,,TRUE,TRUE,TRUE,,TRUE,,,TRUE,,,,TRUE,,,TRUE,,TRUE,,,TRUE,,,,,,,TRUE,,,,"Yes, I primarily create my own code.",TRUE,No ,No. I would have to be present.
45,Graduate Student,,7,Predominantly research focused university or college, United States of America,7,2,Clinical Psychology,,TRUE,TRUE,TRUE,,TRUE,TRUE,,,TRUE,,,,,,,,,,,,,,,,TRUE,,,,,,,No,TRUE,No ,No. I would have to be present.
46,Post-Doctoral Fellow,,7,Equally research/teaching focused university or college, Germany,16,0,Cognitive Psychology,,,TRUE,,TRUE,,TRUE,,,TRUE,,,,,,,TRUE,TRUE,,,,,,,,TRUE,,,TRUE,,,,"Yes, I use both code I have created myself and adapt code written by others.",TRUE,No ,Im not sure.
47,Project Coordinator or Lab Manager,,18,Government agency or research center, United States of America,4,2,Clinical Psychology,,,TRUE,TRUE,TRUE,TRUE,,,,,,,,,,,TRUE,,,,,,,,,TRUE,,,,,,,"Yes, I use both code I have created myself and adapt code written by others.",TRUE,No ,Im not sure.
48,Post-Doctoral Fellow,,10,Predominantly research focused university or college, United States of America,9,4,Social and Personality Psychology,,,TRUE,,TRUE,,TRUE,,,,,,,,,,TRUE,,,,,,,,,TRUE,,,,,,,"Yes, I primarily create my own code.",TRUE,No ,Someone could recreate my data analysis but not cleaning/coding steps.
49,"Professor (US), Reader (UK), or equivalent",,24,Predominantly research focused university or college, United States of America,18,3,Biopsychology or Behavioral Neuroscience,,,TRUE,TRUE,TRUE,TRUE,TRUE,,TRUE,TRUE,,TRUE,TRUE,,,,,,,,,,,,,TRUE,,,TRUE,,,,"Yes, I primarily create my own code.",TRUE,No ,No. I would have to be present.
50,"Professor (US), Reader (UK), or equivalent",,40,Medical school or health sciences center, Canada,14,5,Cognitive Neuroscience,,,TRUE,,TRUE,,TRUE,,TRUE,TRUE,,TRUE,,TRUE,,,,,,,,TRUE,,TRUE,,TRUE,,,,TRUE,,"Neuroimaging software (FSL, SPM, Freesurfer, etc)","Yes, I use both code I have created myself and adapt code written by others.",TRUE,No ,Someone could recreate my data analysis but not cleaning/coding steps.
51,"Assistant Professor (US), Lecturer (UK), or equivalent",,13,Predominantly research focused university or college, United States of America,11,2,Social and Personality Psychology,,,TRUE,,TRUE,TRUE,TRUE,,,,,,,TRUE,,,,,,,,,,,,,,,TRUE,,,,"Yes, I primarily create my own code.",TRUE,No ,Yes. Someone could recreate both my data cleaning/coding and analysis steps.
52,"Associate Professor  (US), Senior Lecturer (UK), or equivalent",,25,Medical school or health sciences center, United States of America,18,2,Clinical Psychology,,,TRUE,TRUE,TRUE,TRUE,TRUE,,TRUE,,,,,,,,,,,,,,,,,TRUE,,,,,,,No,TRUE,Yes,Someone could recreate my data analysis but not cleaning/coding steps.
53,Adjunct Professor or other non-tenure-track faculty,,8,Predominantly teaching focused university or college, Colombia,9,2,Social and Personality Psychology,,,TRUE,,TRUE,,TRUE,,,,,,,,,,,TRUE,,,,,,,,,,,TRUE,,,,"Yes, I use both code I have created myself and adapt code written by others.",TRUE,Yes,Yes. Someone could recreate both my data cleaning/coding and analysis steps.
54,Research Associate/Scientist,,25,Predominantly research focused university or college, United States of America,18,4,Developmental Psychology,,,TRUE,,TRUE,,,,,TRUE,,TRUE,,,,,,,,,,,TRUE,,TRUE,TRUE,,,TRUE,,,,"Yes, I primarily adapt code written by others.",TRUE,No ,No. I would have to be present.
55,Post-Doctoral Fellow,,8,Predominantly research focused university or college, United States of America,28,3,Developmental Psychology,,TRUE,TRUE,,TRUE,TRUE,TRUE,,,,,,,TRUE,,,TRUE,,TRUE,,,,,,,,,,TRUE,,,,"Yes, I use both code I have created myself and adapt code written by others.",TRUE,No ,Someone could recreate my data analysis but not cleaning/coding steps.
56,"Assistant Professor (US), Lecturer (UK), or equivalent",,13,Equally research/teaching focused university or college, United States of America,2,3,Social and Personality Psychology,,,TRUE,,TRUE,,TRUE,,,,TRUE,,,,,,TRUE,,,,,,TRUE,,,TRUE,,,TRUE,,,,"Yes, I use both code I have created myself and adapt code written by others.",TRUE,No ,Yes. Someone could recreate both my data cleaning/coding and analysis steps.
57,"Associate Professor  (US), Senior Lecturer (UK), or equivalent",,18,Predominantly research focused university or college, Australia,34,7,Clinical Psychology,,TRUE,TRUE,TRUE,TRUE,TRUE,TRUE,,,,,,TRUE,,,,TRUE,,,,,,TRUE,,TRUE,TRUE,TRUE,,TRUE,,,,"Yes, I use both code I have created myself and adapt code written by others.",TRUE,Yes,Yes. Someone could recreate both my data cleaning/coding and analysis steps.
58,"Associate Professor  (US), Senior Lecturer (UK), or equivalent",,,Predominantly research focused university or college,,0,,Developmental Psychology,,TRUE,TRUE,,TRUE,TRUE,TRUE,,,,,,,,,,,,,,,,,,,TRUE,TRUE,,,TRUE,,Network Analysis,No,TRUE,No ,Yes. Someone could recreate both my data cleaning/coding and analysis steps.
59,Post-Doctoral Fellow,,15,Predominantly research focused university or college, Australia,7,2,Cognitive Psychology,,,,,,,,,,,,,,,,,,,,,,,,,,,,,,,,,,0,,
60,"Assistant Professor (US), Lecturer (UK), or equivalent",,10,Predominantly research focused university or college, United States of America,8,1,Cognitive Psychology,,,TRUE,,TRUE,,TRUE,,,,,,,,,,TRUE,,,,,TRUE,,,,TRUE,,,TRUE,,,,"Yes, I use both code I have created myself and adapt code written by others.",TRUE,No ,Yes. Someone could recreate both my data cleaning/coding and analysis steps.
61,Graduate Student,,9,Predominantly research focused university or college, United States of America,20,3,Social and Personality Psychology,,TRUE,TRUE,TRUE,TRUE,,TRUE,,,,,TRUE,,,,,,,,,,,,,,,,,TRUE,,,,"Yes, I primarily create my own code.",TRUE,No ,Yes. Someone could recreate both my data cleaning/coding and analysis steps.
62,"Assistant Professor (US), Lecturer (UK), or equivalent",,10,Predominantly research focused university or college, United Kingdom of Great Britain and Northern Ireland,14,3,Developmental Psychology,,TRUE,TRUE,TRUE,TRUE,,,,,,,,,,,,,,,,,,TRUE,,,TRUE,,,,,,,"Yes, I primarily create my own code.",TRUE,No ,Someone could recreate my data analysis but not cleaning/coding steps.
63,"Assistant Professor (US), Lecturer (UK), or equivalent",,12,Equally research/teaching focused university or college, United States of America,10,2,Clinical Psychology,,TRUE,TRUE,TRUE,TRUE,TRUE,,,,,TRUE,,,,,,,,,,,,,,,TRUE,TRUE,,TRUE,,,,"Yes, I primarily create my own code.",TRUE,Not applicable,Someone could recreate my data analysis but not cleaning/coding steps.
64,"Professor (US), Reader (UK), or equivalent",,50,Predominantly research focused university or college, New Zealand,3,2,Cognitive Psychology,,,TRUE,,,,TRUE,,,TRUE,,,,,,,,,,,,TRUE,,,,,,,,TRUE,,self-written C++ & Pascal programs,"Yes, I primarily create my own code.",TRUE,Yes,Yes. Someone could recreate both my data cleaning/coding and analysis steps.
65,"Assistant Professor (US), Lecturer (UK), or equivalent",,14,Predominantly teaching focused university or college, Australia,7,5,Cognitive Psychology,,TRUE,TRUE,TRUE,TRUE,,TRUE,TRUE,TRUE,TRUE,,TRUE,,TRUE,,,TRUE,TRUE,,,,TRUE,,,,TRUE,,,TRUE,,,,"Yes, I primarily create my own code.",TRUE,No ,Yes. Someone could recreate both my data cleaning/coding and analysis steps.
66,Other (Please specify),Research Dean,42,Predominantly research focused university or college, Australia,32,15,Health Psychology,,,TRUE,TRUE,TRUE,TRUE,,,TRUE,,TRUE,TRUE,,,TRUE,administrative health records,,,,,,,,,TRUE,,TRUE,,,,,,"Yes, I use both code I have created myself and adapt code written by others.",TRUE,No ,Yes. Someone could recreate both my data cleaning/coding and analysis steps.
67,Post-Doctoral Fellow,,9,Predominantly research focused university or college, United States of America,19,3,Developmental Psychology,,TRUE,TRUE,,TRUE,TRUE,TRUE,,,,,,,,,,,,,,,,,,,TRUE,,,TRUE,,,,"Yes, I use both code I have created myself and adapt code written by others.",TRUE,Yes,Yes. Someone could recreate both my data cleaning/coding and analysis steps.
68,"Assistant Professor (US), Lecturer (UK), or equivalent",,12,Medical school or health sciences center, United States of America,4,1,Clinical Psychology,,TRUE,TRUE,TRUE,TRUE,,TRUE,TRUE,,TRUE,,TRUE,,,,,,,,,,,,,,,,,TRUE,,,,"Yes, I use both code I have created myself and adapt code written by others.",TRUE,No ,No. I would have to be present.
69,"Assistant Professor (US), Lecturer (UK), or equivalent",,15,Predominantly research focused university or college, United States of America,2,2,Cognitive Psychology,,,TRUE,,TRUE,,TRUE,,TRUE,,,,,,TRUE,Motion capture data,,,,,,TRUE,,,,TRUE,,,,,,,"Yes, I primarily create my own code.",TRUE,Yes,Someone could recreate my data analysis but not cleaning/coding steps.
70,"Assistant Professor (US), Lecturer (UK), or equivalent",,18,Equally research/teaching focused university or college, Australia,14,5,Industrial/Organizational Psychology,,,,,,,,,,,,,,,,,,,,,,,,,,,,,,,,,,0,,
71,"Assistant Professor (US), Lecturer (UK), or equivalent",,12,Predominantly research focused university or college, United States of America,9,3,Developmental Psychology,,,TRUE,,TRUE,,,,,,,,,,,,TRUE,,,,,,TRUE,,,TRUE,,,TRUE,,,,"Yes, I primarily adapt code written by others.",TRUE,No ,Yes. Someone could recreate both my data cleaning/coding and analysis steps.
72,Graduate Student,,1,Equally research/teaching focused university or college, Germany,46,1,Social and Personality Psychology,,,,,,,,,,,,,,,,,TRUE,TRUE,,,,,,,,,,,TRUE,,,,"Yes, I use both code I have created myself and adapt code written by others.",TRUE,No ,Yes. Someone could recreate both my data cleaning/coding and analysis steps.
73,Post-Doctoral Fellow,,9.5,Predominantly research focused university or college, United Kingdom of Great Britain and Northern Ireland,13,5,Social and Personality Psychology,,,,,,,,,,,,,,,,,,,,,,,,,,,,,,,,,,0,,
74,Post-Doctoral Fellow,,11,Government agency or research center, Japan,13,1,Developmental Psychology,,,TRUE,,TRUE,,,,TRUE,TRUE,,,TRUE,,,,,TRUE,,,,,TRUE,,TRUE,TRUE,TRUE,,TRUE,,,,"Yes, I use both code I have created myself and adapt code written by others.",TRUE,No ,Yes. Someone could recreate both my data cleaning/coding and analysis steps.
75,"Assistant Professor (US), Lecturer (UK), or equivalent",,11,Equally research/teaching focused university or college, United States of America,6,2,Clinical Psychology,,,TRUE,TRUE,TRUE,TRUE,TRUE,,TRUE,,,,,,,,TRUE,,,,,,,,,TRUE,,,,,,,"Yes, I use both code I have created myself and adapt code written by others.",TRUE,No ,Someone could recreate my data analysis but not cleaning/coding steps.
76,Graduate Student,,4.5,Predominantly research focused university or college, United States of America,16,2,Social and Personality Psychology,,,TRUE,TRUE,TRUE,TRUE,TRUE,,,,,,TRUE,,,,,,,,,,TRUE,,,TRUE,,,TRUE,,,,"Yes, I use both code I have created myself and adapt code written by others.",TRUE,No ,Yes. Someone could recreate both my data cleaning/coding and analysis steps.
77,Graduate Student,,5,Predominantly research focused university or college, United States of America,35,0,Social and Personality Psychology,,,,,,,,,,,,,,,,,,,,,,,,,,,,,,,,,,0,,
78,Post-Doctoral Fellow,,11,Predominantly research focused university or college, United States of America,22,0,Cognitive Neuroscience,,,TRUE,,TRUE,,TRUE,,,TRUE,,,,,,,,,,,,,,TRUE,,,,,TRUE,,,,"Yes, I primarily create my own code.",TRUE,No ,Someone could recreate my data analysis but not cleaning/coding steps.
79,"Associate Professor  (US), Senior Lecturer (UK), or equivalent",,18,Equally research/teaching focused university or college, United States of America,29,7,Clinical Psychology,,,TRUE,TRUE,TRUE,,TRUE,,TRUE,TRUE,,TRUE,TRUE,,,,,,,,,TRUE,TRUE,,,TRUE,,,TRUE,,,,"Yes, I use both code I have created myself and adapt code written by others.",TRUE,No ,Someone could recreate my data analysis but not cleaning/coding steps.
80,"Associate Professor  (US), Senior Lecturer (UK), or equivalent",,15,Predominantly research focused university or college, Japan,5,4,Cognitive Psychology,,,,,,,,,,,,,,,,,,,,,,,,,,,,,,,,,,0,,
81,Graduate Student,,7,Predominantly research focused university or college, United States of America,0,2,Clinical Psychology,,,,,,,,,,,,,,,,,,,,,,,,,,,,,,,,,,0,,
82,"Professor (US), Reader (UK), or equivalent",,30,Predominantly research focused university or college, Germany,11,5,Industrial/Organizational Psychology,,,TRUE,,TRUE,TRUE,,,,,,TRUE,,,,,,,,,,,TRUE,,,TRUE,,,TRUE,,,,"Yes, I primarily create my own code.",TRUE,No ,No. I would have to be present.
83,"Professor (US), Reader (UK), or equivalent",,36,Predominantly research focused university or college, United States of America,16,5,Developmental Psychology,,TRUE,TRUE,,,TRUE,TRUE,,,,,,,TRUE,,,TRUE,TRUE,,,,TRUE,,,,TRUE,,,TRUE,,,,"Yes, I use both code I have created myself and adapt code written by others.",TRUE,No ,No. I would have to be present.
84,Graduate Student,,3,Predominantly research focused university or college, United States of America,8,1,Social and Personality Psychology,,,TRUE,,TRUE,,TRUE,,,,,,,,,,,,,,,,,,,,TRUE,,,,,,"Yes, I primarily create my own code.",TRUE,No ,Someone could recreate my data analysis but not cleaning/coding steps.
85,"Professor (US), Reader (UK), or equivalent",,20,Predominantly research focused university or college, United Kingdom of Great Britain and Northern Ireland,12,5,Cognitive Neuroscience,,TRUE,TRUE,TRUE,TRUE,,TRUE,,TRUE,TRUE,,TRUE,,TRUE,,,,,,,,TRUE,,,,TRUE,,,TRUE,,,,"Yes, I primarily create my own code.",TRUE,No ,Yes. Someone could recreate both my data cleaning/coding and analysis steps.
86,Research Associate/Scientist,,5,Equally research/teaching focused university or college, Germany,36,2,Social and Personality Psychology,,,TRUE,,TRUE,TRUE,TRUE,,TRUE,,TRUE,,,,,,TRUE,,,,,,TRUE,,,TRUE,,,TRUE,,,,"Yes, I use both code I have created myself and adapt code written by others.",TRUE,No ,Yes. Someone could recreate both my data cleaning/coding and analysis steps.
87,Post-Doctoral Fellow,,4,Equally research/teaching focused university or college, Italy,4,0,Social and Personality Psychology,,,TRUE,,TRUE,,TRUE,,,,,,,TRUE,,,,,,,,,,TRUE,,,,,TRUE,,,,"Yes, I primarily create my own code.",TRUE,No ,Someone could recreate my data analysis but not cleaning/coding steps.
88,"Associate Professor  (US), Senior Lecturer (UK), or equivalent",,20,Equally research/teaching focused university or college, Australia,4,2,Cognitive Psychology,,,TRUE,,,,TRUE,,,,,,,,,,,,,,,TRUE,,,,TRUE,,,,,,,"Yes, I use both code I have created myself and adapt code written by others.",TRUE,No ,Someone could recreate my data analysis but not cleaning/coding steps.
89,Post-Doctoral Fellow,,9,Predominantly teaching focused university or college, Germany,6,1,Cognitive Neuroscience,,,,,,,,,,TRUE,,,,,,,,,,,,TRUE,,,,TRUE,,,,,,,"Yes, I primarily create my own code.",TRUE,No ,Yes. Someone could recreate both my data cleaning/coding and analysis steps.
90,"Professor (US), Reader (UK), or equivalent",,50,Predominantly research focused university or college, United Kingdom of Great Britain and Northern Ireland,11,4,Cognitive Psychology,,TRUE,TRUE,,TRUE,TRUE,TRUE,,,,,,,,,,TRUE,,,TRUE,,,,,,TRUE,,,,,,,"Yes, I use both code I have created myself and adapt code written by others.",TRUE,Yes,Yes. Someone could recreate both my data cleaning/coding and analysis steps.
91,"Assistant Professor (US), Lecturer (UK), or equivalent",,19,Medical school or health sciences center, United States of America,35,5,Clinical Psychology,,TRUE,TRUE,TRUE,TRUE,TRUE,TRUE,TRUE,TRUE,TRUE,,,,,,,,,,,,TRUE,,,,TRUE,,,,,,,"Yes, I primarily adapt code written by others.",TRUE,No ,Someone could recreate my data analysis but not cleaning/coding steps.
92,"Assistant Professor (US), Lecturer (UK), or equivalent",,12,Predominantly research focused university or college, Canada,4,12,Social and Personality Psychology,,TRUE,TRUE,TRUE,TRUE,TRUE,,,,,,,,,,,TRUE,,,,,,TRUE,,,TRUE,,,TRUE,,,,"Yes, I primarily adapt code written by others.",TRUE,Yes,Someone could recreate my data analysis but not cleaning/coding steps.
93,Post-Doctoral Fellow,,11,Other (Please describe), Italy,7,4,Biopsychology or Behavioral Neuroscience,,TRUE,TRUE,TRUE,TRUE,TRUE,TRUE,TRUE,TRUE,TRUE,TRUE,,TRUE,TRUE,TRUE,tdcs,TRUE,,,,,,,,,TRUE,TRUE,TRUE,,,,,"Yes, I primarily create my own code.",TRUE,Yes,Yes. Someone could recreate both my data cleaning/coding and analysis steps.
94,Research Associate/Scientist,,12,Predominantly research focused university or college, United States of America,24,1,Clinical Psychology,,TRUE,TRUE,TRUE,TRUE,TRUE,TRUE,,,,,TRUE,,,,,TRUE,,,,,TRUE,,TRUE,,TRUE,,,TRUE,,,,"Yes, I primarily create my own code.",TRUE,No ,Yes. Someone could recreate both my data cleaning/coding and analysis steps.
95,"Assistant Professor (US), Lecturer (UK), or equivalent",,9,Equally research/teaching focused university or college, Iceland,5,1,Cognitive Psychology,,TRUE,TRUE,,TRUE,,TRUE,,,TRUE,,TRUE,,TRUE,,,,,,,,,,,,,,,TRUE,,,,"Yes, I primarily create my own code.",TRUE,Not applicable,Yes. Someone could recreate both my data cleaning/coding and analysis steps.
96,"Assistant Professor (US), Lecturer (UK), or equivalent",,13,Predominantly research focused university or college, United States of America,9,1,Developmental Psychology,,TRUE,TRUE,,TRUE,,TRUE,,TRUE,,,,,TRUE,,,TRUE,,,,,,TRUE,,,TRUE,,,TRUE,,,,"Yes, I use both code I have created myself and adapt code written by others.",TRUE,No ,Someone could recreate my data analysis but not cleaning/coding steps.
97,Post-Doctoral Fellow,,10,Predominantly research focused university or college, United States of America,18,5,Developmental Psychology,,TRUE,TRUE,,,,TRUE,,,,,,,,,,,,,,,,,,,,,,TRUE,,,,"Yes, I primarily create my own code.",TRUE,Yes,Yes. Someone could recreate both my data cleaning/coding and analysis steps.
98,Post-Doctoral Fellow,,10,Predominantly research focused university or college, Canada,25,2,Cognitive Psychology,,TRUE,TRUE,,TRUE,,TRUE,TRUE,TRUE,TRUE,,TRUE,,,,,TRUE,TRUE,,,,TRUE,,,,TRUE,,,TRUE,,,,"Yes, I use both code I have created myself and adapt code written by others.",TRUE,Yes,Someone could recreate my data analysis but not cleaning/coding steps.
99,Research Associate/Scientist,,18,Equally research/teaching focused university or college, United States of America,2,5,Cognitive Psychology,,,TRUE,,,,TRUE,,TRUE,TRUE,,,,TRUE,,,TRUE,,,,,TRUE,,,,,,,TRUE,,,,"Yes, I use both code I have created myself and adapt code written by others.",TRUE,No ,Someone could recreate my cleaning/coding but not analysis steps.
100,Post-Doctoral Fellow,,10,Predominantly research focused university or college, United States of America,14,2,Developmental Psychology,,TRUE,TRUE,,TRUE,TRUE,TRUE,,,,,,,,,,TRUE,,,,,,TRUE,,,TRUE,,,TRUE,,,,"Yes, I use both code I have created myself and adapt code written by others.",TRUE,No ,Someone could recreate my cleaning/coding but not analysis steps.
101,"Assistant Professor (US), Lecturer (UK), or equivalent",,8,Predominantly research focused university or college, United States of America,6,4,Industrial/Organizational Psychology,,,TRUE,,TRUE,TRUE,TRUE,TRUE,,,TRUE,,,TRUE,,,TRUE,,,,,,TRUE,,,TRUE,,,TRUE,,,,"Yes, I use both code I have created myself and adapt code written by others.",TRUE,No ,Yes. Someone could recreate both my data cleaning/coding and analysis steps.
102,Graduate Student,,4,Predominantly research focused university or college, United States of America,15,3,Other (Please describe),Evolutionary psychology ,,TRUE,,TRUE,,TRUE,,,,,TRUE,,TRUE,,,,,,,,,TRUE,,,,,,TRUE,,,,"Yes, I use both code I have created myself and adapt code written by others.",TRUE,No ,Yes. Someone could recreate both my data cleaning/coding and analysis steps.
103,Research Assistant (including undergraduate RA),,3,Equally research/teaching focused university or college, Hungary,10,5,Cognitive Psychology,,,TRUE,,TRUE,,TRUE,,,,,,,,,,,TRUE,,,,,,,,,,,TRUE,,,,"Yes, I primarily create my own code.",TRUE,Yes,Yes. Someone could recreate both my data cleaning/coding and analysis steps.
104,Post-Doctoral Fellow,,10,Medical school or health sciences center, Spain,12,6,Health Psychology,,,TRUE,TRUE,TRUE,TRUE,TRUE,,,TRUE,,,,,,,TRUE,,,,,,,,,TRUE,,,TRUE,,,,"Yes, I use both code I have created myself and adapt code written by others.",TRUE,Not applicable,Yes. Someone could recreate both my data cleaning/coding and analysis steps.
105,Research Associate/Scientist,,4,Commercial organization, United States of America,6,0,Industrial/Organizational Psychology,,,TRUE,,TRUE,TRUE,TRUE,,,,,,,,,,,,,,,TRUE,,,,TRUE,,,TRUE,,,,"Yes, I use both code I have created myself and adapt code written by others.",TRUE,No ,No. I would have to be present.
106,Research Associate/Scientist,,8,Predominantly research focused university or college, United States of America,7,3,Industrial/Organizational Psychology,,TRUE,TRUE,,TRUE,TRUE,TRUE,TRUE,,,,TRUE,,TRUE,,,TRUE,TRUE,,,,,,TRUE,,,,,TRUE,,,,"Yes, I use both code I have created myself and adapt code written by others.",TRUE,No ,Someone could recreate my data analysis but not cleaning/coding steps.
107,Post-Doctoral Fellow,,14,Predominantly teaching focused university or college, United States of America,8,2,Developmental Psychology,,TRUE,TRUE,,TRUE,,TRUE,,,,,,,,,,,,,,,,,,,,,,TRUE,,,,"Yes, I use both code I have created myself and adapt code written by others.",TRUE,No ,Yes. Someone could recreate both my data cleaning/coding and analysis steps.
108,"Professor (US), Reader (UK), or equivalent",,22,Predominantly research focused university or college, United States of America,48,1,Social and Personality Psychology,,TRUE,TRUE,,TRUE,TRUE,TRUE,,,,,,,,,,,,,TRUE,,,TRUE,,,,,,TRUE,,,,"Yes, I primarily create my own code.",TRUE,Yes,Someone could recreate my data analysis but not cleaning/coding steps.
109,Research Assistant (including undergraduate RA),,1,Equally research/teaching focused university or college, United Kingdom of Great Britain and Northern Ireland,3,1,Social and Personality Psychology,,,,,,,,,,,,,,,,,,,,,,,,,,,,,,,,,,0,,
110,Graduate Student,,6,Predominantly research focused university or college, United Kingdom of Great Britain and Northern Ireland,11,0,Cognitive Psychology,,,TRUE,,,,TRUE,TRUE,,,,,,,,,TRUE,,,,,,,TRUE,,,,,TRUE,,,,"Yes, I primarily create my own code.",TRUE,No ,Yes. Someone could recreate both my data cleaning/coding and analysis steps.
111,Graduate Student,,7,Equally research/teaching focused university or college, Switzerland,15,2,Other (Please describe),Affective psychology,,TRUE,,TRUE,,TRUE,,,TRUE,,TRUE,,TRUE,,,TRUE,TRUE,,,,TRUE,,,,TRUE,,,TRUE,TRUE,,Statistica,"Yes, I use both code I have created myself and adapt code written by others.",TRUE,No ,Yes. Someone could recreate both my data cleaning/coding and analysis steps.
112,Post-Doctoral Fellow,,,Predominantly research focused university or college, Belgium,11,6,Cognitive Neuroscience,,,TRUE,,,,TRUE,,,TRUE,,,,TRUE,,,,,,,,TRUE,,TRUE,,,,,TRUE,,,,"Yes, I primarily create my own code.",TRUE,No ,No. I would have to be present.
113,"Assistant Professor (US), Lecturer (UK), or equivalent",,10,Equally research/teaching focused university or college, United Kingdom of Great Britain and Northern Ireland,11,1,Social and Personality Psychology,,,,,,,,,,,,,,,,,,,,,,,,,,,,,,,,,,0,,
114,"Assistant Professor (US), Lecturer (UK), or equivalent",,17,Equally research/teaching focused university or college, United States of America,12,1,Clinical Psychology,,TRUE,TRUE,TRUE,TRUE,TRUE,TRUE,TRUE,TRUE,,,,,,,,TRUE,,,,,,,,,TRUE,,,,,,,"Yes, I primarily adapt code written by others.",TRUE,Yes,Yes. Someone could recreate both my data cleaning/coding and analysis steps.
115,"Assistant Professor (US), Lecturer (UK), or equivalent",,10,Equally research/teaching focused university or college, United States of America,4,2,Industrial/Organizational Psychology,,,TRUE,,TRUE,,,,,,,,,,,,TRUE,,,TRUE,,,,,,TRUE,,,,,,,No,TRUE,Not applicable,Im not sure.
116,"Professor (US), Reader (UK), or equivalent",,25,Predominantly teaching focused university or college, United States of America,3,0,Developmental Psychology,,,TRUE,,TRUE,,TRUE,,,,,,,,,,,,,,,,,,,TRUE,,,,,,,"Yes, I primarily create my own code.",TRUE,Not applicable,Im not sure.
117,"Assistant Professor (US), Lecturer (UK), or equivalent",,14,Predominantly research focused university or college, United States of America,15,1,Cognitive Psychology,,TRUE,TRUE,,TRUE,TRUE,TRUE,,,,,,,,,,,,,,,,,,,,,,,,,,,0,,
118,"Assistant Professor (US), Lecturer (UK), or equivalent",,14,Predominantly research focused university or college, United Kingdom of Great Britain and Northern Ireland,3,3,Cognitive Psychology,,TRUE,TRUE,,TRUE,,TRUE,,,,,,,,,,,,,,,,,,,,,,TRUE,,,,"Yes, I use both code I have created myself and adapt code written by others.",TRUE,Yes,Yes. Someone could recreate both my data cleaning/coding and analysis steps.
119,Post-Doctoral Fellow,,9,Predominantly research focused university or college, United States of America,17,5,Developmental Psychology,,TRUE,TRUE,,TRUE,,TRUE,,,,TRUE,,,TRUE,,,TRUE,,,,,,,,,TRUE,,,TRUE,,,,"Yes, I use both code I have created myself and adapt code written by others.",TRUE,No ,Yes. Someone could recreate both my data cleaning/coding and analysis steps.
120,Graduate Student,,7,Equally research/teaching focused university or college, United States of America,20,3,Social and Personality Psychology,,,TRUE,,TRUE,,TRUE,,,,,,,,,,,,,,,,,,,TRUE,,,,,,,"Yes, I use both code I have created myself and adapt code written by others.",TRUE,Yes,Yes. Someone could recreate both my data cleaning/coding and analysis steps.
121,"Assistant Professor (US), Lecturer (UK), or equivalent",,19,Equally research/teaching focused university or college, Lebanon,4,2,Cognitive Neuroscience,,,TRUE,,,,TRUE,,,TRUE,,,,,,,TRUE,,,,,TRUE,,,,,,,TRUE,,,,"Yes, I primarily create my own code.",TRUE,No ,Someone could recreate my data analysis but not cleaning/coding steps.
122,"Assistant Professor (US), Lecturer (UK), or equivalent",,8,Predominantly research focused university or college, United States of America,0,,Industrial/Organizational Psychology,,TRUE,TRUE,,TRUE,TRUE,TRUE,,,,,,,,,,,,,,,,TRUE,,,TRUE,,,TRUE,,,,"Yes, I use both code I have created myself and adapt code written by others.",TRUE,Not applicable,Someone could recreate my data analysis but not cleaning/coding steps.
123,"Assistant Professor (US), Lecturer (UK), or equivalent",,12,Predominantly research focused university or college, United States of America,31,8,Social and Personality Psychology,,,TRUE,,TRUE,,TRUE,,,TRUE,,,TRUE,,,,TRUE,TRUE,,,,,,,TRUE,TRUE,,,TRUE,,,,"Yes, I primarily create my own code.",TRUE,No ,Someone could recreate my data analysis but not cleaning/coding steps.
124,Graduate Student,,4,Predominantly research focused university or college, United States of America,9,6,Social and Personality Psychology,,,TRUE,,TRUE,TRUE,TRUE,,,,,,,,,,TRUE,,,,,,TRUE,,,TRUE,,,TRUE,,,,No,TRUE,No ,Someone could recreate my cleaning/coding but not analysis steps.
125,"Assistant Professor (US), Lecturer (UK), or equivalent",,20,Predominantly research focused university or college, United States of America,5,5,Industrial/Organizational Psychology,,,,,,,,,,,,,,,,,,,,,,,,,,,,,,,,,,0,,
126,Graduate Student,,5,Equally research/teaching focused university or college, Spain,40,2,Clinical Psychology,,,,,,,,,,,,,,,,,,,,,,,,,,,,,,,,,,0,,
127,Post-Doctoral Fellow,,19,Predominantly research focused university or college, Netherlands,28,1,Clinical Psychology,,,TRUE,,TRUE,,,,,,,,,,,,,,,,,,,,,TRUE,,,TRUE,,,,"Yes, I use both code I have created myself and adapt code written by others.",TRUE,No ,Yes. Someone could recreate both my data cleaning/coding and analysis steps.
128,Post-Doctoral Fellow,,10,Non-profit organization, Belgium,24,3,Industrial/Organizational Psychology,,,,,TRUE,,,,,,,,,,,,,,,,,,TRUE,,,TRUE,,,,,,,"Yes, I primarily create my own code.",TRUE,Yes,Im not sure.
129,"Professor (US), Reader (UK), or equivalent",,25,Predominantly teaching focused university or college, Chile,12,1,Cognitive Psychology,,TRUE,TRUE,,,,TRUE,,TRUE,,,,,,,,TRUE,,,,,TRUE,,,,,,,TRUE,,,,"Yes, I primarily adapt code written by others.",TRUE,No ,No. I would have to be present.
130,"Assistant Professor (US), Lecturer (UK), or equivalent",,10,Equally research/teaching focused university or college, United Kingdom of Great Britain and Northern Ireland,13,4,Cognitive Psychology,,,,,,,,,,,,,,,,,,,,,,,,,,,,,,,,,,0,,
131,Graduate Student,,6,Predominantly research focused university or college, United States of America,19,2,Educational Psychology,,TRUE,TRUE,,TRUE,TRUE,TRUE,TRUE,,,,,,,,,TRUE,,,,,,TRUE,,,TRUE,,,TRUE,,,,"Yes, I use both code I have created myself and adapt code written by others.",TRUE,No ,Yes. Someone could recreate both my data cleaning/coding and analysis steps.
132,,,3,Equally research/teaching focused university or college, Spain,9,2,Cognitive Neuroscience,,,TRUE,TRUE,TRUE,,TRUE,,TRUE,,,TRUE,,TRUE,,,TRUE,,,,,,,,,TRUE,,,,,,,Im not sure.,TRUE,Yes,Yes. Someone could recreate both my data cleaning/coding and analysis steps.
133,Graduate Student,,8,Predominantly research focused university or college, United States of America,15,3,Cognitive Psychology,,,,,,,,,,,,,,,,,,,,,,,,,,,,,,,,,,0,,
134,"Associate Professor  (US), Senior Lecturer (UK), or equivalent",,24,Predominantly research focused university or college, United States of America,14,2,Developmental Psychology,,TRUE,TRUE,,TRUE,,TRUE,,,,,TRUE,,,,,TRUE,,,,,,TRUE,,,TRUE,,,TRUE,,,,"Yes, I use both code I have created myself and adapt code written by others.",TRUE,No ,No. I would have to be present.
135,Other (Please specify),Professor (UK),38,Equally research/teaching focused university or college, United Kingdom of Great Britain and Northern Ireland,25,1,Cognitive Psychology,,TRUE,TRUE,,TRUE,TRUE,TRUE,,,,,,,,TRUE,Wide range of observable outcome variables,TRUE,,,,,,,TRUE,,,,,TRUE,,,,"Yes, I primarily create my own code.",TRUE,No ,Yes. Someone could recreate both my data cleaning/coding and analysis steps.
136,Research Associate/Scientist,,27,Predominantly research focused university or college, United States of America,22,1,Clinical Psychology,,TRUE,TRUE,TRUE,TRUE,TRUE,TRUE,TRUE,TRUE,,,,,,,,,,,,,,,,,TRUE,,,,TRUE,,"seldomly I use:  HLM, QROC, SAS, MPlus","Yes, I primarily create my own code.",TRUE,No ,Yes. Someone could recreate both my data cleaning/coding and analysis steps.
137,Graduate Student,,10,Predominantly research focused university or college, United States of America,0,0,Social and Personality Psychology,,,,,,,,,,,,,,,,,,,,,,,,,,,,,,,,,,0,,
138,Graduate Student,,8,Predominantly research focused university or college, Canada,18,3,Social and Personality Psychology,,TRUE,TRUE,,TRUE,TRUE,TRUE,TRUE,,,,,,,,,,,,,,,,,,,,,TRUE,,,,"Yes, I primarily create my own code.",TRUE,No ,Yes. Someone could recreate both my data cleaning/coding and analysis steps.
139,Research Assistant (including undergraduate RA),,,Medical school or health sciences center, France,180,,Industrial/Organizational Psychology,,TRUE,,,,,,,,,,,,,,,,,,,,,,,,,,,,,,,,0,,
141,Graduate Student,,5,Equally research/teaching focused university or college, Spain,5,0,Cognitive Psychology,,,,,,,,,,,,,,,,,,,,,,,,,,,,,,,,,,0,,
142,Graduate Student,,6,Predominantly research focused university or college, United States of America,7,0,Cognitive Psychology,,,TRUE,,,,TRUE,,,,,,,,,,TRUE,,,,,,,,,,,,TRUE,,,,"Yes, I primarily create my own code.",TRUE,No ,Yes. Someone could recreate both my data cleaning/coding and analysis steps.
143,Research Associate/Scientist,,10,Predominantly teaching focused university or college, United States of America,2,0,Quantitative Psychology,,,TRUE,,TRUE,TRUE,,,,,,,,,,,TRUE,TRUE,,,,,,,,TRUE,,,,TRUE,,Fortran,"Yes, I use both code I have created myself and adapt code written by others.",TRUE,Not applicable,Yes. Someone could recreate both my data cleaning/coding and analysis steps.
144,Graduate Student,,9,Predominantly research focused university or college, United States of America,0,2,Developmental Psychology,,TRUE,TRUE,,TRUE,,TRUE,,TRUE,,,,,TRUE,,,TRUE,TRUE,,,,TRUE,,,,,,,TRUE,,,,"Yes, I use both code I have created myself and adapt code written by others.",TRUE,No ,No. I would have to be present.
145,"Assistant Professor (US), Lecturer (UK), or equivalent",,8,Medical school or health sciences center, Sweden,10,10,Cognitive Neuroscience,,,TRUE,TRUE,TRUE,,TRUE,TRUE,,TRUE,TRUE,TRUE,TRUE,TRUE,,,,,,,,TRUE,,,,,,,TRUE,,,,"Yes, I primarily create my own code.",TRUE,No ,Yes. Someone could recreate both my data cleaning/coding and analysis steps.
146,Graduate Student,,8,Predominantly research focused university or college, United States of America,14,2,Developmental Psychology,,,TRUE,,TRUE,,TRUE,,,,,,,TRUE,,,,,,,,,,,,,,,TRUE,,,,"Yes, I primarily create my own code.",TRUE,Yes,Yes. Someone could recreate both my data cleaning/coding and analysis steps.
147,Graduate Student,,6,Equally research/teaching focused university or college, Netherlands,9,4,Social and Personality Psychology,,TRUE,TRUE,,TRUE,TRUE,TRUE,,,,,,,,,,,,,,,,TRUE,,,,,,TRUE,,,,"Yes, I primarily create my own code.",TRUE,No ,Yes. Someone could recreate both my data cleaning/coding and analysis steps.
148,Graduate Student,,3,Predominantly research focused university or college, United Kingdom of Great Britain and Northern Ireland,8,3,Cognitive Psychology,,,TRUE,,TRUE,,TRUE,TRUE,,,,,,,,,,,,,,,,,,,,,TRUE,,,,"Yes, I primarily create my own code.",TRUE,,Yes. Someone could recreate both my data cleaning/coding and analysis steps.
149,"Assistant Professor (US), Lecturer (UK), or equivalent",,16,Predominantly research focused university or college, United States of America,15,2,Developmental Psychology,,,,,,,,,,,,,,,,,,,,,,,,,,,,,,,,,,0,,
150,"Assistant Professor (US), Lecturer (UK), or equivalent",,18,Equally research/teaching focused university or college, United Kingdom of Great Britain and Northern Ireland,6,3,Cognitive Neuroscience,,,TRUE,TRUE,,,TRUE,TRUE,TRUE,TRUE,,,,TRUE,,,TRUE,,,,,TRUE,,,,TRUE,,,,,,,"Yes, I primarily adapt code written by others.",TRUE,Yes,Someone could recreate my data analysis but not cleaning/coding steps.
151,Post-Doctoral Fellow,,18,Predominantly research focused university or college, Hungary,13,4,Social and Personality Psychology,,,,,,,,,,,,,,,,,,,,,,,,,,,,,,,,,,0,,
152,Graduate Student,,8,Predominantly research focused university or college, Switzerland,4,3,Biopsychology or Behavioral Neuroscience,,,TRUE,TRUE,TRUE,TRUE,,,,TRUE,TRUE,TRUE,TRUE,,,,,,,,,TRUE,,,,,,,TRUE,,,,"Yes, I primarily create my own code.",TRUE,Yes,Yes. Someone could recreate both my data cleaning/coding and analysis steps.
153,Post-Doctoral Fellow,,6,Equally research/teaching focused university or college, France,4,0,Social and Personality Psychology,,,TRUE,,TRUE,,,TRUE,,,,,,,,,TRUE,,TRUE,,,,,,,TRUE,,,TRUE,,,,"Yes, I use both code I have created myself and adapt code written by others.",TRUE,No ,Yes. Someone could recreate both my data cleaning/coding and analysis steps.
154,"Professor (US), Reader (UK), or equivalent",,10,Equally research/teaching focused university or college, South Africa,11,2,Biopsychology or Behavioral Neuroscience,,,TRUE,TRUE,TRUE,TRUE,TRUE,,,,,TRUE,TRUE,,,,,,,,,,,,,,,,,,,,,0,,
155,"Professor (US), Reader (UK), or equivalent",,30,Predominantly teaching focused university or college, United States of America,8,4,Social and Personality Psychology,,,TRUE,,TRUE,,,,,,,,,,,,,TRUE,,,,,,,,TRUE,,,,,,,No,TRUE,Not applicable,Yes. Someone could recreate both my data cleaning/coding and analysis steps.
156,Post-Doctoral Fellow,,9,Predominantly research focused university or college, Italy,8,2,Cognitive Neuroscience,,,TRUE,,,,TRUE,,,TRUE,,,,,,,,,,,,TRUE,,TRUE,,,,,,,,,"Yes, I primarily create my own code.",TRUE,No ,No. I would have to be present.
157,Post-Doctoral Fellow,,11,Predominantly research focused university or college, United States of America,19,1,Developmental Psychology,,TRUE,TRUE,,TRUE,,TRUE,,,,,,,TRUE,,,TRUE,,,,,TRUE,,,,TRUE,,,TRUE,,,,"Yes, I use both code I have created myself and adapt code written by others.",TRUE,No ,No. I would have to be present.
158,Post-Doctoral Fellow,,7,Predominantly research focused university or college, United States of America,13,2,Developmental Psychology,,TRUE,TRUE,,TRUE,TRUE,TRUE,TRUE,,,,,,,,,,,,,,,,,TRUE,TRUE,,,,,,,"Yes, I primarily adapt code written by others.",TRUE,Not applicable,Someone could recreate my cleaning/coding but not analysis steps.
159,Post-Doctoral Fellow,,20,Medical school or health sciences center, United Kingdom of Great Britain and Northern Ireland,12,2,Cognitive Psychology,,,TRUE,,TRUE,,TRUE,,,,,,,TRUE,,,TRUE,,,,,TRUE,,,,TRUE,,,TRUE,,,,"Yes, I primarily create my own code.",TRUE,No ,Yes. Someone could recreate both my data cleaning/coding and analysis steps.
160,Graduate Student,,4,Predominantly research focused university or college, United States of America,10,1,Cognitive Psychology,,,,,,,,,,,,,,,,,,,,,,,,,,,,,,,,,,0,,
161,Graduate Student,,9,Predominantly research focused university or college, United States of America,14,72,Developmental Psychology,,TRUE,TRUE,,TRUE,,TRUE,,,,,,,TRUE,,,,,,,,,,,,,,,TRUE,,,,"Yes, I use both code I have created myself and adapt code written by others.",TRUE,No ,Yes. Someone could recreate both my data cleaning/coding and analysis steps.
162,"Professor (US), Reader (UK), or equivalent",,34,Equally research/teaching focused university or college, United Kingdom of Great Britain and Northern Ireland,8,2,Cognitive Psychology,,TRUE,TRUE,,,,TRUE,,,,,,,,,,TRUE,TRUE,,,,,,,,TRUE,,,TRUE,,,,"Yes, I primarily adapt code written by others.",TRUE,Yes,Yes. Someone could recreate both my data cleaning/coding and analysis steps.
163,Graduate Student,,7,Government agency or research center, Germany,1,7,Biopsychology or Behavioral Neuroscience,,,TRUE,TRUE,TRUE,,TRUE,,,TRUE,,TRUE,TRUE,,,,,,,,TRUE,,,TRUE,,TRUE,,,TRUE,,,,"Yes, I primarily create my own code.",TRUE,Not applicable,Yes. Someone could recreate both my data cleaning/coding and analysis steps.
164,Graduate Student,,9,Predominantly research focused university or college, Germany,4,3,Cognitive Neuroscience,,,TRUE,TRUE,TRUE,,TRUE,TRUE,TRUE,TRUE,,TRUE,,TRUE,,,TRUE,TRUE,,,,TRUE,,,,TRUE,,,TRUE,,,,"Yes, I use both code I have created myself and adapt code written by others.",TRUE,Yes,No. I would have to be present.
165,Research Associate/Scientist,,17,Predominantly research focused university or college, United States of America,8,6,Educational Psychology,,,TRUE,,TRUE,TRUE,TRUE,TRUE,,,,,,,,,,TRUE,,,,,,,,,,,TRUE,,,,"Yes, I primarily adapt code written by others.",TRUE,Yes,Yes. Someone could recreate both my data cleaning/coding and analysis steps.
166,Post-Doctoral Fellow,,8,Equally research/teaching focused university or college, United Kingdom of Great Britain and Northern Ireland,22,5,Developmental Psychology,,TRUE,TRUE,TRUE,TRUE,TRUE,TRUE,,TRUE,TRUE,TRUE,,TRUE,TRUE,,,,,,,TRUE,TRUE,,TRUE,,,,,TRUE,,,,"Yes, I use both code I have created myself and adapt code written by others.",TRUE,No ,Yes. Someone could recreate both my data cleaning/coding and analysis steps.
167,"Professor (US), Reader (UK), or equivalent",,23,Predominantly research focused university or college, United States of America,8,2,Industrial/Organizational Psychology,,,TRUE,,TRUE,,TRUE,,,,,,,,,,TRUE,,,,,,,,,,,,TRUE,,,,"Yes, I primarily adapt code written by others.",TRUE,No ,Yes. Someone could recreate both my data cleaning/coding and analysis steps.
168,Graduate Student,,8,Predominantly research focused university or college, United States of America,13,1,Social and Personality Psychology,,,,,TRUE,,TRUE,,,,,TRUE,,,,,,,TRUE,,,,TRUE,,,TRUE,,,TRUE,,,,"Yes, I primarily create my own code.",TRUE,No ,Yes. Someone could recreate both my data cleaning/coding and analysis steps.
169,Graduate Student,,8,Predominantly research focused university or college, United States of America,16,1,Social and Personality Psychology,,,TRUE,,TRUE,,TRUE,,,,,TRUE,,,TRUE,"wearable devices (e.g., Fitbit)",,,,,,,,,,,,,TRUE,,,,"Yes, I primarily create my own code.",TRUE,No ,Yes. Someone could recreate both my data cleaning/coding and analysis steps.
170,Project Coordinator or Lab Manager,,23,Medical school or health sciences center, United States of America,9,13,Other (Please describe),Pediatric Psychology,TRUE,TRUE,TRUE,TRUE,TRUE,,,,,,,TRUE,,,,TRUE,,,,,,,,,TRUE,,,,,,,"Yes, I primarily create my own code.",TRUE,No ,Im not sure.
171,Post-Doctoral Fellow,,8,Predominantly research focused university or college, United States of America,14,7,Developmental Psychology,,TRUE,TRUE,,TRUE,TRUE,TRUE,TRUE,,,,,,,,,TRUE,,,,,,,,,TRUE,,,TRUE,,,,No,TRUE,No ,Im not sure.
172,Post-Doctoral Fellow,,19,Equally research/teaching focused university or college, Germany,48,2,Cognitive Psychology,,TRUE,TRUE,,TRUE,TRUE,TRUE,,TRUE,,,,,TRUE,,,TRUE,,,,,,,,,TRUE,,,TRUE,,,,"Yes, I primarily create my own code.",TRUE,No ,Yes. Someone could recreate both my data cleaning/coding and analysis steps.
173,Graduate Student,,7,Equally research/teaching focused university or college, United States of America,4,2,Industrial/Organizational Psychology,,,TRUE,,TRUE,TRUE,,,,,,,,,,,,,,,,,,,,,,,TRUE,,,,"Yes, I use both code I have created myself and adapt code written by others.",TRUE,No ,Yes. Someone could recreate both my data cleaning/coding and analysis steps.
175,Graduate Student,,5,Predominantly research focused university or college, United States of America,10,1,Other (Please describe),Behavioral Genetics,,TRUE,TRUE,TRUE,,TRUE,,,TRUE,,,TRUE,,,,,,,,,,,,,,,,TRUE,TRUE,,OpenMx,"Yes, I use both code I have created myself and adapt code written by others.",TRUE,No ,Yes. Someone could recreate both my data cleaning/coding and analysis steps.
176,Post-Doctoral Fellow,,10,Medical school or health sciences center, United States of America,6,2,Social and Personality Psychology,,,TRUE,,TRUE,TRUE,TRUE,,,,,,,,,,TRUE,TRUE,TRUE,,,TRUE,,,,,,,TRUE,,,,"Yes, I primarily create my own code.",TRUE,No ,Yes. Someone could recreate both my data cleaning/coding and analysis steps.
177,"Professor (US), Reader (UK), or equivalent",,25,Predominantly research focused university or college, Canada,11,2,Developmental Psychology,,TRUE,TRUE,,TRUE,TRUE,TRUE,,,,,,,,,,,,,,,,,,,TRUE,,,,,,,No,TRUE,No ,Someone could recreate my data analysis but not cleaning/coding steps.
178,"Associate Professor  (US), Senior Lecturer (UK), or equivalent",,15,Predominantly research focused university or college, United States of America,24,5,Developmental Psychology,,TRUE,TRUE,,TRUE,TRUE,TRUE,TRUE,,,,,,,,,TRUE,,,,,,TRUE,,,TRUE,,,TRUE,TRUE,,"NVIVO, LIWC","Yes, I primarily adapt code written by others.",TRUE,No ,Yes. Someone could recreate both my data cleaning/coding and analysis steps.
179,Adjunct Professor or other non-tenure-track faculty,,10,Predominantly research focused university or college, Germany,5,1,Cognitive Neuroscience,,,,,,,,,,,,,,,,,,,,,,,,,,,,,,,,,,0,,
180,Graduate Student,,7,Predominantly research focused university or college, France,0,2,Clinical Psychology,,,TRUE,TRUE,TRUE,TRUE,,,,,,,,,,,,,,,,,,,,,,,TRUE,,,,"Yes, I primarily create my own code.",TRUE,Not applicable,Yes. Someone could recreate both my data cleaning/coding and analysis steps.
181,Graduate Student,,7,Predominantly research focused university or college, United States of America,15,0,Biopsychology or Behavioral Neuroscience,,,TRUE,TRUE,TRUE,TRUE,TRUE,TRUE,TRUE,TRUE,,TRUE,,,,,,,,,,TRUE,,TRUE,,,,,,,,,"Yes, I primarily create my own code.",TRUE,No ,Yes. Someone could recreate both my data cleaning/coding and analysis steps.
182,"Associate Professor  (US), Senior Lecturer (UK), or equivalent",,20,Predominantly research focused university or college, United States of America,7,1,Cognitive Psychology,,,TRUE,,,,TRUE,,,,,,,TRUE,,,TRUE,,,,,,,,,TRUE,,,,,,,"Yes, I primarily create my own code.",TRUE,No ,No. I would have to be present.
183,"Associate Professor  (US), Senior Lecturer (UK), or equivalent",,15,Equally research/teaching focused university or college, United Kingdom of Great Britain and Northern Ireland,8,6,Cognitive Neuroscience,,,TRUE,,TRUE,,TRUE,,TRUE,TRUE,,,,,,,TRUE,,,,,TRUE,,,,TRUE,,,,,,,"Yes, I use both code I have created myself and adapt code written by others.",TRUE,No ,Someone could recreate my data analysis but not cleaning/coding steps.
184,Post-Doctoral Fellow,,10,Predominantly research focused university or college, United States of America,21,2,Developmental Psychology,,TRUE,,,TRUE,,TRUE,,,,,,,TRUE,,,TRUE,,,,,,,,,,,,TRUE,,,,"Yes, I use both code I have created myself and adapt code written by others.",TRUE,No ,Yes. Someone could recreate both my data cleaning/coding and analysis steps.
185,"Assistant Professor (US), Lecturer (UK), or equivalent",,13,Equally research/teaching focused university or college, United States of America,3,4,Industrial/Organizational Psychology,,,,,,,,,,,,,,,,,,,,,,,,,,,,,,,,,,0,,
186,"Assistant Professor (US), Lecturer (UK), or equivalent",,18,Predominantly research focused university or college, United States of America,8,3,Developmental Psychology,,TRUE,TRUE,TRUE,TRUE,TRUE,TRUE,TRUE,,,TRUE,,,,,,,,,,,,,,TRUE,TRUE,,,TRUE,,,,"Yes, I primarily create my own code.",TRUE,Yes,Yes. Someone could recreate both my data cleaning/coding and analysis steps.
187,"Assistant Professor (US), Lecturer (UK), or equivalent",,16,Government agency or research center, United States of America,6,1,Clinical Psychology,,,,,,,,,,,,,,,,,,,,,,,,,,,,,,,,,,0,,
188,"Associate Professor  (US), Senior Lecturer (UK), or equivalent",,19,Predominantly research focused university or college, United States of America,16,4,Social and Personality Psychology,,TRUE,TRUE,TRUE,TRUE,TRUE,TRUE,TRUE,,,,TRUE,,TRUE,,,TRUE,,,,,,TRUE,,,TRUE,,,,,,,No,TRUE,No ,Yes. Someone could recreate both my data cleaning/coding and analysis steps.
189,"Associate Professor  (US), Senior Lecturer (UK), or equivalent",,13,Predominantly research focused university or college, United States of America,1,2,Industrial/Organizational Psychology,,,,,TRUE,,,,,,,,,,,,TRUE,,,,,,TRUE,,,TRUE,,,,TRUE,,HLM,"Yes, I use both code I have created myself and adapt code written by others.",TRUE,Not applicable,Im not sure.
190,"Assistant Professor (US), Lecturer (UK), or equivalent",,13,Predominantly teaching focused university or college, United Kingdom of Great Britain and Northern Ireland,8,5,Cognitive Neuroscience,,,TRUE,,TRUE,TRUE,TRUE,,,,,TRUE,,TRUE,,,,,,,,,,,,,,,,,,,,0,,
191,"Assistant Professor (US), Lecturer (UK), or equivalent",,13,Predominantly research focused university or college, United States of America,6,2,Cognitive Neuroscience,,,TRUE,TRUE,TRUE,,TRUE,,,TRUE,,TRUE,,,,,,,,,,TRUE,,,,TRUE,,,,TRUE,,"AFNI, SPM","Yes, I primarily adapt code written by others.",TRUE,No ,Yes. Someone could recreate both my data cleaning/coding and analysis steps.
192,Post-Doctoral Fellow,,13,Predominantly research focused university or college, United States of America,28,2,Developmental Psychology,,TRUE,TRUE,,TRUE,,TRUE,,,,,,,TRUE,,,TRUE,,,,,,,,,,,,TRUE,,,,"Yes, I use both code I have created myself and adapt code written by others.",TRUE,No ,Someone could recreate my cleaning/coding but not analysis steps.
193,Post-Doctoral Fellow,,5,Predominantly research focused university or college, United States of America,7,2,Cognitive Neuroscience,,,TRUE,,TRUE,,TRUE,,,,,,,TRUE,,,,,,,,TRUE,,TRUE,,,,,TRUE,,,,"Yes, I primarily create my own code.",TRUE,No ,Yes. Someone could recreate both my data cleaning/coding and analysis steps.
195,Graduate Student,,8,Predominantly research focused university or college, United States of America,16,0,Biopsychology or Behavioral Neuroscience,,TRUE,TRUE,,TRUE,,TRUE,,,TRUE,,,,,,,TRUE,,,,,,,,,TRUE,,,,,,,No,TRUE,Yes,Someone could recreate my data analysis but not cleaning/coding steps.
196,"Assistant Professor (US), Lecturer (UK), or equivalent",,15,Predominantly research focused university or college, United States of America,27,3,Clinical Psychology,,,TRUE,TRUE,TRUE,TRUE,TRUE,,,TRUE,,,,,,,TRUE,,,,,TRUE,TRUE,,,TRUE,,,,,,,No,TRUE,Yes,Im not sure.
197,Graduate Student,,9,Predominantly research focused university or college, United States of America,0,0,Developmental Psychology,,TRUE,TRUE,,TRUE,,TRUE,,TRUE,,,TRUE,,TRUE,,,TRUE,,,,,,,,,TRUE,,,,,,,No,TRUE,No ,No. I would have to be present.
198,"Professor (US), Reader (UK), or equivalent",,55,Equally research/teaching focused university or college, Israel,101,2,Cognitive Psychology,,TRUE,TRUE,,TRUE,,TRUE,TRUE,TRUE,,,,,TRUE,,,TRUE,,,,,,,,TRUE,TRUE,,,,,,,"Yes, I primarily create my own code.",TRUE,Yes,Someone could recreate my data analysis but not cleaning/coding steps.
199,"Assistant Professor (US), Lecturer (UK), or equivalent",,12,Predominantly teaching focused university or college, United States of America,3,0,Cognitive Neuroscience,,,TRUE,,TRUE,,TRUE,,,TRUE,,,,,,,TRUE,,,,,TRUE,,,,TRUE,,,,,,,"Yes, I primarily create my own code.",TRUE,No ,Yes. Someone could recreate both my data cleaning/coding and analysis steps.
200,Graduate Student,,9,Predominantly research focused university or college, United States of America,2,0,Developmental Psychology,,TRUE,TRUE,,TRUE,,TRUE,,,,,,,,,,,,,,,,,,,TRUE,,,,,,,"Yes, I primarily create my own code.",TRUE,Not applicable,Someone could recreate my data analysis but not cleaning/coding steps.
201,Research Associate/Scientist,,10,Non-profit organization, United States of America,28,5,Social and Personality Psychology,,TRUE,TRUE,TRUE,TRUE,TRUE,,TRUE,,,,,,,,,TRUE,,,,,,,,,TRUE,,,TRUE,,,,"Yes, I use both code I have created myself and adapt code written by others.",TRUE,Not applicable,Someone could recreate my data analysis but not cleaning/coding steps.
202,"Professor (US), Reader (UK), or equivalent",,48,Medical school or health sciences center, United States of America,2,0,Clinical Psychology,,TRUE,TRUE,TRUE,TRUE,TRUE,,TRUE,,,,,,,,,,,,,,,,,,TRUE,,,,,,,"Yes, I use both code I have created myself and adapt code written by others.",TRUE,No ,No. I would have to be present.
203,"Associate Professor  (US), Senior Lecturer (UK), or equivalent",,18,Predominantly research focused university or college, Canada,19,5,Developmental Psychology,,TRUE,TRUE,,TRUE,TRUE,TRUE,,,,,,,TRUE,,,,,,,,,,,,,,,TRUE,,,,"Yes, I use both code I have created myself and adapt code written by others.",TRUE,Yes,Yes. Someone could recreate both my data cleaning/coding and analysis steps.
204,Graduate Student,,7,Predominantly research focused university or college, United States of America,17,0,Cognitive Psychology,,,TRUE,,,TRUE,TRUE,,,,,,,,,,,,,,,,,TRUE,,,,,TRUE,,,,"Yes, I primarily create my own code.",TRUE,No ,Someone could recreate my data analysis but not cleaning/coding steps.
205,"Professor (US), Reader (UK), or equivalent",,23,Predominantly research focused university or college, Poland,29,5,Social and Personality Psychology,,,TRUE,TRUE,,,TRUE,TRUE,,TRUE,,TRUE,,TRUE,,,,,,,,,,TRUE,,TRUE,TRUE,,TRUE,,,,"Yes, I primarily adapt code written by others.",TRUE,Yes,Someone could recreate my data analysis but not cleaning/coding steps.
206,"Associate Professor  (US), Senior Lecturer (UK), or equivalent",,16,Predominantly research focused university or college, United States of America,16,1,Other (Please describe),Correctional psychology,TRUE,TRUE,TRUE,TRUE,TRUE,,,,,,,,,TRUE,criminal justice records,,,,,,,,,,TRUE,,,,,,,"Yes, I use both code I have created myself and adapt code written by others.",TRUE,Yes,Someone could recreate my data analysis but not cleaning/coding steps.
207,"Associate Professor  (US), Senior Lecturer (UK), or equivalent",,26,Predominantly research focused university or college, United States of America,14,3,Other (Please describe),developmental neuroscience,TRUE,TRUE,TRUE,TRUE,TRUE,TRUE,TRUE,TRUE,TRUE,,,,TRUE,,,TRUE,,,,,TRUE,,,,TRUE,,,TRUE,,,,"Yes, I primarily create my own code.",TRUE,No ,No. I would have to be present.
208,"Assistant Professor (US), Lecturer (UK), or equivalent",,13,Predominantly research focused university or college, United States of America,19,4,Social and Personality Psychology,,,TRUE,TRUE,TRUE,TRUE,TRUE,,,,,TRUE,,,,,TRUE,,,,,,TRUE,,,TRUE,TRUE,,TRUE,,,,"Yes, I use both code I have created myself and adapt code written by others.",TRUE,No ,Someone could recreate my data analysis but not cleaning/coding steps.
209,"Assistant Professor (US), Lecturer (UK), or equivalent",,13,Equally research/teaching focused university or college, United States of America,8,1,Social and Personality Psychology,,TRUE,TRUE,,TRUE,,,,,,,TRUE,,,,,TRUE,,,,,,TRUE,,TRUE,TRUE,TRUE,,,,,,"Yes, I primarily create my own code.",TRUE,No ,No. I would have to be present.
210,"Assistant Professor (US), Lecturer (UK), or equivalent",,17,Medical school or health sciences center, United States of America,7,4,Clinical Psychology,,TRUE,TRUE,TRUE,TRUE,TRUE,TRUE,TRUE,,,TRUE,TRUE,,,,,TRUE,,,,,,TRUE,,,TRUE,,,,,,,"Yes, I primarily create my own code.",TRUE,Yes,Im not sure.
211,"Assistant Professor (US), Lecturer (UK), or equivalent",,17,Equally research/teaching focused university or college, Canada,22,4,Biopsychology or Behavioral Neuroscience,,,TRUE,TRUE,TRUE,,,,,,,TRUE,TRUE,,,,,,,,,,,,,TRUE,,,,,,,"Yes, I primarily adapt code written by others.",TRUE,Yes,No. I would have to be present.
212,Post-Doctoral Fellow,,10,Medical school or health sciences center, United States of America,16,8,Biopsychology or Behavioral Neuroscience,,,,,,,,,,,,,,,,,,,,,,,,,,,,,,,,,,0,,
213,"Assistant Professor (US), Lecturer (UK), or equivalent",,12,Government agency or research center," Korea, Republic of",6,1,Cognitive Neuroscience,,,TRUE,,,,TRUE,,,TRUE,,,,TRUE,,,TRUE,TRUE,TRUE,,,TRUE,,,,TRUE,,,,,,,"Yes, I use both code I have created myself and adapt code written by others.",TRUE,Yes,Someone could recreate my cleaning/coding but not analysis steps.
214,Graduate Student,,6,Predominantly research focused university or college, United States of America,17,2,Social and Personality Psychology,,,TRUE,,TRUE,TRUE,,,,,,,,,,,,,,,,,,,,,,,TRUE,,,,"Yes, I primarily create my own code.",TRUE,No ,Yes. Someone could recreate both my data cleaning/coding and analysis steps.
215,"Professor (US), Reader (UK), or equivalent",,40,Equally research/teaching focused university or college, United Kingdom of Great Britain and Northern Ireland,6,2,Developmental Psychology,,TRUE,TRUE,,,TRUE,,TRUE,,,,,,,,,TRUE,,,,,,,,,,,,,,,,No,TRUE,Not applicable,"No. Another researcher could not do this, even if I were present."
216,"Associate Professor  (US), Senior Lecturer (UK), or equivalent",,20,Predominantly teaching focused university or college, United States of America,2,0,Cognitive Psychology,,,TRUE,,TRUE,,TRUE,,,,,,,,,,TRUE,,TRUE,,,,,,,,,,TRUE,,,,"Yes, I primarily create my own code.",TRUE,No ,No. I would have to be present.
217,"Professor (US), Reader (UK), or equivalent",,20,Predominantly research focused university or college, United Kingdom of Great Britain and Northern Ireland,12,3,Clinical Psychology,,,TRUE,TRUE,TRUE,TRUE,,TRUE,,,,,,,,,TRUE,,TRUE,,,,,,,TRUE,,,TRUE,,,,"Yes, I primarily adapt code written by others.",TRUE,No ,Yes. Someone could recreate both my data cleaning/coding and analysis steps.
218,"Professor (US), Reader (UK), or equivalent",,30,Predominantly research focused university or college, United States of America,16,6,Developmental Psychology,,,,,,,,,,,,,,,,,,,,,,,,,,,,,,,,,,0,,
219,"Assistant Professor (US), Lecturer (UK), or equivalent",,20,Equally research/teaching focused university or college, Portugal,9,2,Social and Personality Psychology,,,TRUE,,TRUE,,TRUE,,,,,,,,,,,,,,,,,,,TRUE,,,,,,,No,TRUE,Yes,Yes. Someone could recreate both my data cleaning/coding and analysis steps.
220,"Professor (US), Reader (UK), or equivalent",,17,Equally research/teaching focused university or college, Brazil,12,3,Developmental Psychology,,,TRUE,TRUE,TRUE,TRUE,TRUE,,TRUE,,,,,,,,,,,,,,TRUE,,,TRUE,,,,,,,"Yes, I primarily adapt code written by others.",TRUE,No ,Im not sure.
221,Post-Doctoral Fellow,,12,Predominantly research focused university or college, Canada,10,2,Cognitive Neuroscience,,,TRUE,TRUE,,TRUE,TRUE,,TRUE,TRUE,,TRUE,,,,,TRUE,,,,,,,,,TRUE,,,TRUE,,,,"Yes, I primarily adapt code written by others.",TRUE,No ,Someone could recreate my cleaning/coding but not analysis steps.
222,Other (Please specify),Senior Researcher,44,Non-profit organization, United States of America,180,1,Social and Personality Psychology,,,TRUE,,TRUE,,,,,,,,,,,,,,,,,,,,,,,,,TRUE,,"Others analyze data on my behalf, using Stata and MPlus usually","Yes, I use both code I have created myself and adapt code written by others.",TRUE,Yes,Yes. Someone could recreate both my data cleaning/coding and analysis steps.
223,Post-Doctoral Fellow,,11,Equally research/teaching focused university or college, Germany,22,3,Clinical Psychology,,TRUE,TRUE,TRUE,TRUE,TRUE,TRUE,,,,,,,,,,,,,,,,,,,TRUE,,,TRUE,,,,"Yes, I primarily create my own code.",TRUE,No ,Yes. Someone could recreate both my data cleaning/coding and analysis steps.
224,Post-Doctoral Fellow,,13,Equally research/teaching focused university or college, Spain,9,2,Cognitive Psychology,,TRUE,TRUE,,,,TRUE,,,TRUE,,TRUE,,TRUE,,,TRUE,TRUE,,,,TRUE,,,,,,,TRUE,,,,"Yes, I primarily create my own code.",TRUE,No ,Yes. Someone could recreate both my data cleaning/coding and analysis steps.
225,"Assistant Professor (US), Lecturer (UK), or equivalent",,15,Equally research/teaching focused university or college, United Kingdom of Great Britain and Northern Ireland,30,3,Developmental Psychology,,TRUE,TRUE,,TRUE,TRUE,TRUE,TRUE,,,,TRUE,TRUE,TRUE,,,TRUE,,,,,TRUE,,TRUE,,TRUE,,,TRUE,,,,"Yes, I use both code I have created myself and adapt code written by others.",TRUE,Yes,Yes. Someone could recreate both my data cleaning/coding and analysis steps.
226,Post-Doctoral Fellow,,9,Predominantly research focused university or college, United States of America,6,4,Social and Personality Psychology,,,TRUE,,TRUE,TRUE,,,,,,TRUE,,,,,TRUE,,,,,,,,,,,,TRUE,,,,"Yes, I primarily create my own code.",TRUE,Yes,Yes. Someone could recreate both my data cleaning/coding and analysis steps.
227,"Associate Professor  (US), Senior Lecturer (UK), or equivalent",,20,Predominantly teaching focused university or college, Canada,3,3,Developmental Psychology,,TRUE,TRUE,,TRUE,TRUE,TRUE,,,,,,,,,,TRUE,TRUE,,,,TRUE,,,,TRUE,,,,,,,"Yes, I use both code I have created myself and adapt code written by others.",TRUE,Yes,Someone could recreate my cleaning/coding but not analysis steps.
228,"Associate Professor  (US), Senior Lecturer (UK), or equivalent",,18,Predominantly research focused university or college, Canada,10,4,Cognitive Neuroscience,,TRUE,TRUE,TRUE,TRUE,,TRUE,,TRUE,TRUE,TRUE,TRUE,TRUE,,TRUE,Cerebrospinal fluid,,,,,,TRUE,,,,TRUE,,,,,,,"Yes, I use both code I have created myself and adapt code written by others.",TRUE,No ,Yes. Someone could recreate both my data cleaning/coding and analysis steps.
229,Post-Doctoral Fellow,,7,Predominantly research focused university or college, Germany,31,4,Cognitive Psychology,,,TRUE,,TRUE,,TRUE,,,TRUE,,TRUE,,TRUE,,,,,,,,,,,,TRUE,,,TRUE,,,,"Yes, I use both code I have created myself and adapt code written by others.",TRUE,No ,Yes. Someone could recreate both my data cleaning/coding and analysis steps.
230,Post-Doctoral Fellow,,15,Government agency or research center, Netherlands,23,1,Cognitive Psychology,,TRUE,TRUE,,TRUE,,TRUE,,,,,,,TRUE,,,,,,,,,,,,,,,TRUE,,,,"Yes, I primarily create my own code.",TRUE,No ,Yes. Someone could recreate both my data cleaning/coding and analysis steps.
231,"Professor (US), Reader (UK), or equivalent",,25,Predominantly research focused university or college, United Kingdom of Great Britain and Northern Ireland,10,5,Cognitive Psychology,,TRUE,TRUE,,TRUE,TRUE,TRUE,TRUE,TRUE,,,,,,,,,TRUE,,TRUE,,,,,,TRUE,,,TRUE,TRUE,,JMP,"Yes, I use both code I have created myself and adapt code written by others.",TRUE,No ,No. I would have to be present.
232,Graduate Student,,8,Predominantly research focused university or college, United States of America,18,0,Clinical Psychology,,TRUE,TRUE,TRUE,TRUE,TRUE,TRUE,,,,,TRUE,TRUE,,,,,,,,,,,,TRUE,TRUE,,,,,,,"Yes, I use both code I have created myself and adapt code written by others.",TRUE,No ,Yes. Someone could recreate both my data cleaning/coding and analysis steps.
233,Post-Doctoral Fellow,,15,Equally research/teaching focused university or college, Germany,18,1,Other (Please describe),Psychophysics,,TRUE,,,,TRUE,,,,,,,TRUE,,,,TRUE,,,TRUE,,,TRUE,,,,,TRUE,,,,"Yes, I primarily create my own code.",TRUE,Yes,Yes. Someone could recreate both my data cleaning/coding and analysis steps.
234,"Associate Professor  (US), Senior Lecturer (UK), or equivalent",,20,Equally research/teaching focused university or college, United States of America,17,6,Social and Personality Psychology,,TRUE,TRUE,,TRUE,TRUE,TRUE,TRUE,,,TRUE,,,,TRUE,"institutional data (e.g., student grades)",,,,,,,TRUE,,,TRUE,,,,,,,Im not sure.,TRUE,No ,Yes. Someone could recreate both my data cleaning/coding and analysis steps.
235,Graduate Student,,5,Equally research/teaching focused university or college, United Kingdom of Great Britain and Northern Ireland,7,0,Other (Please describe),Psycholinguistics,,TRUE,,,,TRUE,,,,,,,,,,,,,,,,,,,,,,TRUE,,,,"Yes, I primarily create my own code.",TRUE,No ,Yes. Someone could recreate both my data cleaning/coding and analysis steps.
236,"Professor (US), Reader (UK), or equivalent",,25,Equally research/teaching focused university or college, Australia,10,0,Cognitive Psychology,,TRUE,TRUE,TRUE,TRUE,TRUE,TRUE,,,,,,,,,,TRUE,TRUE,,,,,,,,TRUE,,,,,,,"Yes, I use both code I have created myself and adapt code written by others.",TRUE,No ,Yes. Someone could recreate both my data cleaning/coding and analysis steps.
237,Graduate Student,,5,Predominantly research focused university or college, United States of America,8,0,Cognitive Psychology,,,,,,,TRUE,,,TRUE,,,,,,,,,,,,,,TRUE,,,,,TRUE,,,,"Yes, I primarily create my own code.",TRUE,No ,No. I would have to be present.
238,Research Associate/Scientist,,8,Equally research/teaching focused university or college, Austria,9,1,Clinical Psychology,,,,,,,,,,,,,,,,,,,,,,,,,,,,,,,,,,0,,
239,Research Associate/Scientist,,12,Predominantly research focused university or college, Indonesia,6,0,Social and Personality Psychology,,,TRUE,,TRUE,,TRUE,,,,,,,,,,,,TRUE,,,,,,,,,,TRUE,,,,"Yes, I primarily create my own code.",TRUE,No ,Yes. Someone could recreate both my data cleaning/coding and analysis steps.
240,"Assistant Professor (US), Lecturer (UK), or equivalent",,11,Equally research/teaching focused university or college, Canada,8,1,Clinical Psychology,,,TRUE,TRUE,TRUE,TRUE,TRUE,,,,,,,,,,,,,,,,,,,,,,,,,,,0,,
241,"Assistant Professor (US), Lecturer (UK), or equivalent",,13,Medical school or health sciences center, United States of America,0,4,Clinical Psychology,,,TRUE,TRUE,TRUE,TRUE,,,,,,,,,,,TRUE,,,,,,,,,TRUE,,,,,,,"Yes, I use both code I have created myself and adapt code written by others.",TRUE,Not applicable,Yes. Someone could recreate both my data cleaning/coding and analysis steps.
242,Post-Doctoral Fellow,,8,Medical school or health sciences center, United States of America,5,2,Social and Personality Psychology,,,,,,,,,,,,,,,,,,,,,,,,,,,,,,,,,,0,,
243,"Assistant Professor (US), Lecturer (UK), or equivalent",,13,Predominantly research focused university or college, United Kingdom of Great Britain and Northern Ireland,6,10,Cognitive Psychology,,,TRUE,,TRUE,,TRUE,,TRUE,TRUE,TRUE,,,,,,,,,,,,,,,,,,TRUE,,,,"Yes, I primarily create my own code.",TRUE,Yes,Yes. Someone could recreate both my data cleaning/coding and analysis steps.
244,Research Associate/Scientist,,20,Government agency or research center, United States of America,20,0,Industrial/Organizational Psychology,,TRUE,TRUE,,TRUE,TRUE,TRUE,TRUE,,,TRUE,,,,,,TRUE,,,,,,,,TRUE,TRUE,,,TRUE,,,,"Yes, I primarily create my own code.",TRUE,Yes,Yes. Someone could recreate both my data cleaning/coding and analysis steps.
245,Graduate Student,,5,Equally research/teaching focused university or college, United States of America,11,2,Social and Personality Psychology,,,TRUE,,TRUE,TRUE,,,,,,,,,,,TRUE,,,,,,,,,TRUE,,,,,,,No,TRUE,No ,Yes. Someone could recreate both my data cleaning/coding and analysis steps.
246,"Assistant Professor (US), Lecturer (UK), or equivalent",,5,Predominantly teaching focused university or college, United States of America,5,3,Educational Psychology,,TRUE,TRUE,TRUE,TRUE,,TRUE,,TRUE,,,,,,,,TRUE,,TRUE,,,,TRUE,,,TRUE,,,,TRUE,,GraphPad,No,TRUE,Yes,Someone could recreate my data analysis but not cleaning/coding steps.
247,Graduate Student,,4,Predominantly research focused university or college, Netherlands,0,0,Industrial/Organizational Psychology,,,TRUE,TRUE,,,TRUE,,,,TRUE,,,,,,,TRUE,,,,,TRUE,,,,,,TRUE,,,,"Yes, I primarily create my own code.",TRUE,Not applicable,Yes. Someone could recreate both my data cleaning/coding and analysis steps.
248,"Assistant Professor (US), Lecturer (UK), or equivalent",,15,Predominantly teaching focused university or college, United States of America,0,,Social and Personality Psychology,,,TRUE,,TRUE,TRUE,TRUE,,,,,,,,,,TRUE,,,,,,,,,TRUE,,,,,,,"Yes, I primarily create my own code.",TRUE,Not applicable,No. I would have to be present.
249,"Associate Professor  (US), Senior Lecturer (UK), or equivalent",,25,Predominantly research focused university or college, Sweden,1,2,Social and Personality Psychology,,,,,,,,,,,,,,,,,,,,,,,,,,,,,,,,,,0,,
250,Post-Doctoral Fellow,,13,Predominantly research focused university or college, United States of America,35,3,Cognitive Neuroscience,,,TRUE,TRUE,TRUE,TRUE,TRUE,TRUE,TRUE,TRUE,,TRUE,TRUE,TRUE,,,,,,,,,,,,,,,TRUE,,,,"Yes, I use both code I have created myself and adapt code written by others.",TRUE,No ,Yes. Someone could recreate both my data cleaning/coding and analysis steps.
251,"Associate Professor  (US), Senior Lecturer (UK), or equivalent",,11,Predominantly teaching focused university or college, United States of America,16,100,Cognitive Psychology,,,TRUE,,TRUE,,TRUE,,,TRUE,,,,TRUE,,,TRUE,,,,,TRUE,,,,TRUE,,,TRUE,,,,"Yes, I use both code I have created myself and adapt code written by others.",TRUE,No ,Yes. Someone could recreate both my data cleaning/coding and analysis steps.
252,Post-Doctoral Fellow,,8,Predominantly research focused university or college, United States of America,16,3,Social and Personality Psychology,,,TRUE,,TRUE,,TRUE,,,,,,,,,,,,,,,,,,,TRUE,,,TRUE,,,,"Yes, I use both code I have created myself and adapt code written by others.",TRUE,Yes,Yes. Someone could recreate both my data cleaning/coding and analysis steps.
253,Post-Doctoral Fellow,,9,Predominantly research focused university or college, Canada,11,5,Social and Personality Psychology,,,,,,,,,,,,,,,,,,,,,,,,,,,,,,,,,,0,,
254,"Associate Professor  (US), Senior Lecturer (UK), or equivalent",,20,Predominantly research focused university or college, United States of America,29,5,Developmental Psychology,,TRUE,TRUE,,TRUE,,,,,,,,,,,,,,,,,,TRUE,,TRUE,,,,TRUE,,,,"Yes, I primarily create my own code.",TRUE,No ,No. I would have to be present.
255,Post-Doctoral Fellow,,10,Equally research/teaching focused university or college, United States of America,8,2,Educational Psychology,,,TRUE,,TRUE,,TRUE,,,,,,,,,,TRUE,,,,,,,,,,,,TRUE,,,,"Yes, I primarily create my own code.",TRUE,Not applicable,Yes. Someone could recreate both my data cleaning/coding and analysis steps.
256,Graduate Student,,7,Predominantly research focused university or college, Australia,4,0,Cognitive Psychology,,,,,,,,,,,,,,,,,,,,,,,,,,,,,,,,,,0,,
257,"Assistant Professor (US), Lecturer (UK), or equivalent",,23,Equally research/teaching focused university or college, United States of America,6,2,Biopsychology or Behavioral Neuroscience,,,TRUE,TRUE,TRUE,,TRUE,,TRUE,TRUE,,TRUE,,,,,TRUE,,,,,,,,,TRUE,,,,,,,"Yes, I use both code I have created myself and adapt code written by others.",TRUE,Yes,Yes. Someone could recreate both my data cleaning/coding and analysis steps.
258,Graduate Student,,7.5,Predominantly research focused university or college, United Kingdom of Great Britain and Northern Ireland,4,3,Cognitive Psychology,,,TRUE,,TRUE,,TRUE,,,,,,,,,,TRUE,TRUE,,,,,,,,TRUE,,,TRUE,,,,"Yes, I primarily create my own code.",TRUE,Not applicable,Yes. Someone could recreate both my data cleaning/coding and analysis steps.
259,Adjunct Professor or other non-tenure-track faculty,,22,Predominantly research focused university or college, United States of America,10,1,Social and Personality Psychology,,TRUE,TRUE,,TRUE,TRUE,,TRUE,,,,,,,,,,,,,,,,,,TRUE,,,,,,,"Yes, I primarily adapt code written by others.",TRUE,Yes,Yes. Someone could recreate both my data cleaning/coding and analysis steps.
260,"Associate Professor  (US), Senior Lecturer (UK), or equivalent",,23,Predominantly research focused university or college, United States of America,5,2,Educational Psychology,,,,,,,,,,,,,,,,,,,,,,,,,,,,,,,,,,0,,
261,"Associate Professor  (US), Senior Lecturer (UK), or equivalent",,22,Predominantly research focused university or college, United States of America,0,10,Quantitative Psychology,,TRUE,TRUE,TRUE,TRUE,TRUE,TRUE,TRUE,TRUE,TRUE,TRUE,TRUE,TRUE,TRUE,,,TRUE,,,,,,TRUE,,TRUE,TRUE,,,TRUE,,,,"Yes, I use both code I have created myself and adapt code written by others.",TRUE,Not applicable,Yes. Someone could recreate both my data cleaning/coding and analysis steps.
262,Graduate Student,,10,Commercial organization, United States of America,3,2,Developmental Psychology,,TRUE,TRUE,TRUE,TRUE,TRUE,,TRUE,,,TRUE,,TRUE,,,,,,,,,,TRUE,,TRUE,TRUE,,,TRUE,,,,"Yes, I use both code I have created myself and adapt code written by others.",TRUE,Yes,Yes. Someone could recreate both my data cleaning/coding and analysis steps.
263,Post-Doctoral Fellow,,8,Predominantly research focused university or college, Canada,34,2,Social and Personality Psychology,,TRUE,TRUE,,TRUE,,TRUE,,,,,,,,,,TRUE,TRUE,,,,,TRUE,,,TRUE,,,TRUE,,,,"Yes, I use both code I have created myself and adapt code written by others.",TRUE,Yes,Im not sure.
264,"Assistant Professor (US), Lecturer (UK), or equivalent",,4,Equally research/teaching focused university or college, Bangladesh,3,2,Social and Personality Psychology,,,TRUE,,TRUE,,,,,,,,,,,,TRUE,,,,,,,,,TRUE,,,TRUE,,,,No,TRUE,Not applicable,Yes. Someone could recreate both my data cleaning/coding and analysis steps.
265,"Assistant Professor (US), Lecturer (UK), or equivalent",,15,Predominantly research focused university or college, United States of America,3,3,Cognitive Psychology,,TRUE,TRUE,,TRUE,,TRUE,TRUE,,TRUE,TRUE,TRUE,,,,,,,,,,TRUE,,,,,,,TRUE,,,,"Yes, I use both code I have created myself and adapt code written by others.",TRUE,No ,No. I would have to be present.
266,"Assistant Professor (US), Lecturer (UK), or equivalent",,15,Equally research/teaching focused university or college, Singapore,9,3,Health Psychology,,TRUE,TRUE,TRUE,TRUE,,TRUE,,,,,TRUE,,,,,TRUE,,,,,TRUE,,,,TRUE,,,TRUE,,,,"Yes, I use both code I have created myself and adapt code written by others.",TRUE,No ,Yes. Someone could recreate both my data cleaning/coding and analysis steps.
267,Graduate Student,,5,Equally research/teaching focused university or college, Slovakia,7,5,Other (Please describe),Behavioral economics,,TRUE,TRUE,TRUE,TRUE,,,,,,,,,,,,,,,,,,,,,,,TRUE,,,,"Yes, I primarily adapt code written by others.",TRUE,,Yes. Someone could recreate both my data cleaning/coding and analysis steps.
268,Graduate Student,,3,Predominantly research focused university or college, United States of America,2,1,Social and Personality Psychology,,,TRUE,,TRUE,TRUE,,,,,,,,,,,,,,,,,,,,,,,TRUE,,,,"Yes, I primarily create my own code.",TRUE,Yes,Yes. Someone could recreate both my data cleaning/coding and analysis steps.
269,"Associate Professor  (US), Senior Lecturer (UK), or equivalent",,24,Equally research/teaching focused university or college, Canada,12,1,Developmental Psychology,,,TRUE,,TRUE,,TRUE,,TRUE,TRUE,,,,,,,,,,,,,TRUE,,,,,,TRUE,,,,"Yes, I use both code I have created myself and adapt code written by others.",TRUE,No ,No. I would have to be present.
270,Post-Doctoral Fellow,,7,Equally research/teaching focused university or college, Australia,12,0,Social and Personality Psychology,,,TRUE,,,TRUE,TRUE,,,,,,TRUE,,,,,,,,,,,,,,TRUE,,TRUE,,,,"Yes, I use both code I have created myself and adapt code written by others.",TRUE,No ,Yes. Someone could recreate both my data cleaning/coding and analysis steps.
271,"Professor (US), Reader (UK), or equivalent",,25,Equally research/teaching focused university or college, United States of America,3,2,Social and Personality Psychology,,,TRUE,,TRUE,TRUE,TRUE,,,,,,,,,,,,,,,,,,,TRUE,,,,,,,"Yes, I primarily adapt code written by others.",TRUE,Yes,Yes. Someone could recreate both my data cleaning/coding and analysis steps.
272,Graduate Student,,7,Predominantly research focused university or college, Australia,7,3,Cognitive Psychology,,,TRUE,,TRUE,,,,,,,,,,,,TRUE,,TRUE,,,,,,,TRUE,,,TRUE,,,,"Yes, I primarily create my own code.",TRUE,Yes,Yes. Someone could recreate both my data cleaning/coding and analysis steps.
273,Graduate Student,,3,Equally research/teaching focused university or college, Australia,13,0,Social and Personality Psychology,,,TRUE,TRUE,TRUE,,TRUE,,,,,,,,,,,,,,,,,,,TRUE,TRUE,,,,,,"Yes, I primarily create my own code.",TRUE,Not applicable,Yes. Someone could recreate both my data cleaning/coding and analysis steps.
274,"Assistant Professor (US), Lecturer (UK), or equivalent",,13,Equally research/teaching focused university or college, United States of America,26,3,Other (Please describe),Social Neuroscience,,,,,,,,,,,,,,,,,,,,,,,,,,,,,,,,,0,,
275,Project Coordinator or Lab Manager,,4,Predominantly research focused university or college, Germany,0,,Clinical Psychology,,,,,,,,,,,,,,,,,,,,,,,,,,,,,,,,,,0,,
276,"Assistant Professor (US), Lecturer (UK), or equivalent",,15,Predominantly research focused university or college, United States of America,16,5,Clinical Psychology,,TRUE,TRUE,TRUE,TRUE,TRUE,TRUE,TRUE,TRUE,,,TRUE,,TRUE,,,,,,,,,TRUE,,,TRUE,,,TRUE,,,,"Yes, I use both code I have created myself and adapt code written by others.",TRUE,No ,Yes. Someone could recreate both my data cleaning/coding and analysis steps.
277,"Associate Professor  (US), Senior Lecturer (UK), or equivalent",,20,Equally research/teaching focused university or college, United States of America,6,1,Cognitive Psychology,,,,,,,,,,,,,,,,,,,,,,,,,,,,,,,,,,0,,
