"","Activity","pre_test","post_test"
"1","Sports",27,34
"2","Sports",18,21
"3","Sports",30,29
"4","Sports",29,36
"5","Sports",21,23
"6","Sports",13,16
"7","Sports",24,29
"8","Sports",24,28
"9","Sports",32,30
"10","Sports",19,19
"11","Sports",25,32
"12","Sports",31,29
"13","Sports",23,28
"14","Sports",26,28
"15","Sports",14,12
"16","Sports",29,27
"17","Sports",22,26
"18","Sports",16,14
"19","Sports",20,21
"20","Sports",30,31
"21","Sports",22,25
"22","Sports",25,24
"23","Sports",18,20
"24","Sports",28,26
"25","Sports",17,23
"26","Sports",19,17
"27","Sports",17,14
"28","Sports",20,20
"29","Sports",15,20
"30","Sports",30,31
"31","Sports",19,20
"32","Sports",29,27
"33","Sports",15,13
"34","Sports",19,17
"35","Sports",17,19
"36","Sports",13,15
"37","Sports",28,31
"38","Sports",16,17
"39","Sports",20,17
"40","Sports",18,14
"41","Sports",24,23
"42","Sports",23,29
"43","Sports",32,31
"44","Sports",17,20
"45","Sports",27,30
"46","Sports",23,21
"47","Sports",20,25
"48","Sports",28,27
"49","Sports",14,14
"50","Sports",23,19
"51","Sports",21,29
"52","Sports",17,18
"53","Sports",15,23
"54","Sports",29,27
"55","Sports",23,20
"56","Sports",23,22
"57","Sports",24,28
"58","Sports",27,30
"59","MartialArts",25,29
"60","MartialArts",24,32
"61","MartialArts",13,19
"62","MartialArts",23,29
"63","MartialArts",24,30
"64","MartialArts",25,27
"65","MartialArts",24,24
"66","MartialArts",14,22
"67","MartialArts",14,20
"68","MartialArts",26,36
"69","MartialArts",15,23
"70","MartialArts",28,32
"71","MartialArts",22,23
"72","MartialArts",32,36
"73","MartialArts",22,30
"74","MartialArts",23,33
"75","MartialArts",20,30
"76","MartialArts",22,31
"77","MartialArts",13,14
"78","MartialArts",23,23
"79","MartialArts",31,36
"80","MartialArts",23,29
"81","MartialArts",21,21
"82","MartialArts",13,23
"83","MartialArts",13,14
"84","MartialArts",13,23
"85","MartialArts",15,16
"86","MartialArts",21,28
"87","MartialArts",28,36
"88","MartialArts",18,26
"89","MartialArts",27,34
"90","MartialArts",22,22
"91","MartialArts",18,27
"92","MartialArts",12,18
"93","MartialArts",25,34
"94","MartialArts",13,14
"95","MartialArts",29,28
"96","MartialArts",15,18
"97","MartialArts",25,27
"98","MartialArts",17,27
"99","MartialArts",15,16
"100","MartialArts",16,22
"101","MartialArts",17,21
"102","MartialArts",23,30
"103","MartialArts",21,29
"104","MartialArts",19,24
"105","MartialArts",28,32
"106","MartialArts",23,34
"107","MartialArts",15,15
"108","MartialArts",32,33
"109","MartialArts",17,24
"110","MartialArts",15,23
"111","MartialArts",16,16
"112","MartialArts",20,25
"113","MartialArts",19,26
"114","MartialArts",18,22
"115","MartialArts",13,24
